# Sequel Pro dump
# Version 1630
# http://code.google.com/p/sequel-pro
#
# Host: 127.0.0.1 (MySQL 5.1.40-log)
# Database: jobs_development
# Generation Time: 2010-01-08 15:57:27 -0800
# ************************************************************

/*!40101 SET @OLD_CHARACTER_SET_CLIENT=@@CHARACTER_SET_CLIENT */;
/*!40101 SET @OLD_CHARACTER_SET_RESULTS=@@CHARACTER_SET_RESULTS */;
/*!40101 SET @OLD_COLLATION_CONNECTION=@@COLLATION_CONNECTION */;
/*!40101 SET NAMES utf8 */;
/*!40014 SET @OLD_UNIQUE_CHECKS=@@UNIQUE_CHECKS, UNIQUE_CHECKS=0 */;
/*!40014 SET @OLD_FOREIGN_KEY_CHECKS=@@FOREIGN_KEY_CHECKS, FOREIGN_KEY_CHECKS=0 */;
/*!40101 SET @OLD_SQL_MODE=@@SQL_MODE, SQL_MODE='NO_AUTO_VALUE_ON_ZERO' */;
/*!40111 SET @OLD_SQL_NOTES=@@SQL_NOTES, SQL_NOTES=0 */;


# Dump of table accounts
# ------------------------------------------------------------

DROP TABLE IF EXISTS `accounts`;

CREATE TABLE `accounts` (
  `id` int(11) NOT NULL AUTO_INCREMENT,
  `number` varchar(15) DEFAULT NULL,
  `department_id` int(11) DEFAULT NULL,
  `created_at` datetime DEFAULT NULL,
  `updated_at` datetime DEFAULT NULL,
  PRIMARY KEY (`id`)
) ENGINE=InnoDB AUTO_INCREMENT=2143110907 DEFAULT CHARSET=utf8;

LOCK TABLES `accounts` WRITE;
/*!40000 ALTER TABLE `accounts` DISABLE KEYS */;
INSERT INTO `accounts` (`id`,`number`,`department_id`,`created_at`,`updated_at`)
VALUES
	(9178353,'01381400275712',11,'2009-11-19 07:53:11','2009-11-19 07:53:11'),
	(13520999,'OUTSIDE BILLING',18,'2009-11-19 07:53:11','2009-11-19 07:53:11'),
	(14430365,'01171582305712',40,'2009-11-19 07:53:11','2009-11-19 07:53:11'),
	(17578576,'01567305855712',26,'2009-11-19 07:53:11','2009-11-19 07:53:11'),
	(18766508,'01171170105712',40,'2009-11-19 07:53:11','2009-11-19 07:53:11'),
	(46838440,'01533930105712',63,'2009-11-19 07:53:11','2009-11-19 07:53:11'),
	(49054459,'OUTSIDE BILLING',16,'2009-11-19 07:53:11','2009-11-19 07:53:11'),
	(50258433,'01631170105712',25,'2009-11-19 07:53:11','2009-11-19 07:53:11'),
	(50911391,'01171520105712',40,'2009-11-19 07:53:11','2009-11-19 07:53:11'),
	(54298680,'01260250405712',31,'2009-11-19 07:53:11','2009-11-19 07:53:11'),
	(55215113,'01724538725712',60,'2009-11-19 07:53:11','2009-11-19 07:53:11'),
	(56157427,'01620000275712',53,'2009-11-19 07:53:11','2009-11-19 07:53:11'),
	(57049375,'01141140725712',72,'2009-11-19 07:53:11','2009-11-19 07:53:11'),
	(67847432,'01174588215712',40,'2009-11-19 07:53:11','2009-11-19 07:53:11'),
	(69681168,'01680000105712',32,'2009-11-19 07:53:11','2009-11-19 07:53:11'),
	(70590700,'01610000105712',53,'2009-11-19 07:53:11','2009-11-19 07:53:11'),
	(92358370,'01724338725712',60,'2009-11-19 07:53:11','2009-11-19 07:53:11'),
	(93529626,'01171170725712',40,'2009-11-19 07:53:11','2009-11-19 07:53:11'),
	(105369114,'01280000275712',20,'2009-11-19 07:53:11','2009-11-19 07:53:11'),
	(107085385,'01132018365712',69,'2009-11-19 07:53:11','2009-11-19 07:53:11'),
	(108240563,'01071070725712',1,'2009-11-19 07:53:11','2009-11-19 07:53:11'),
	(126198829,'01009160405712',22,'2009-11-19 07:53:11','2009-11-19 07:53:11'),
	(128160894,'01370110105712',66,'2009-11-19 07:53:11','2009-11-19 07:53:11'),
	(129102982,'01370250275712',66,'2009-11-19 07:53:11','2009-11-19 07:53:11'),
	(130928128,'01240080105712',44,'2009-11-19 07:53:11','2009-11-19 07:53:11'),
	(143533780,'01380240105712',11,'2009-11-19 07:53:11','2009-11-19 07:53:11'),
	(144459304,'01260550105712',31,'2009-11-19 07:53:11','2009-11-19 07:53:11'),
	(146437755,'01771770725712',59,'2009-11-19 07:53:11','2009-11-19 07:53:11'),
	(151266614,'01240280105712',44,'2009-11-19 07:53:11','2009-11-19 07:53:11'),
	(152454606,'01231400275712',61,'2009-11-19 07:53:11','2009-11-19 07:53:11'),
	(153624610,'01403810105712',62,'2009-11-19 07:53:11','2009-11-19 07:53:11'),
	(154812634,'01371400105712',66,'2009-11-19 07:53:11','2009-11-19 07:53:11'),
	(155995365,'01274910315712',42,'2009-11-19 07:53:11','2009-11-19 07:53:11'),
	(157166623,'01420050105712',50,'2009-11-19 07:53:11','2009-11-19 07:53:11'),
	(158866508,'01521520105712',58,'2009-11-19 07:53:11','2009-11-19 07:53:11'),
	(179106896,'01381400405712',11,'2009-11-19 07:53:11','2009-11-19 07:53:11'),
	(180262068,'01151150725712',23,'2009-11-19 07:53:11','2009-11-19 07:53:11'),
	(184338466,'01190900105712',67,'2009-11-19 07:53:11','2009-11-19 07:53:11'),
	(191798905,'01220000105712',46,'2009-11-19 07:53:11','2009-11-19 07:53:11'),
	(192740995,'01370060105712',66,'2009-11-19 07:53:11','2009-11-19 07:53:11'),
	(201546338,'01282515114210',20,'2009-11-19 07:53:11','2009-11-19 07:53:11'),
	(202455706,'01314650105712',14,'2009-11-19 07:53:11','2009-11-19 07:53:11'),
	(204933833,'01380270105712',11,'2009-11-19 07:53:11','2009-11-19 07:53:11'),
	(230492461,'01192830305712',67,'2009-11-19 07:53:11','2009-11-19 07:53:11'),
	(230764631,'01373815105712',66,'2009-11-19 07:53:11','2009-11-19 07:53:11'),
	(231952557,'01724918215712',60,'2009-11-19 07:53:11','2009-11-19 07:53:11'),
	(237078782,'01381400815712',11,'2009-11-19 07:53:11','2009-11-19 07:53:11'),
	(238282758,'OUTSIDE BILLING',8,'2009-11-19 07:53:11','2009-11-19 07:53:11'),
	(239461433,'01400230105712',62,'2009-11-19 07:53:11','2009-11-19 07:53:11'),
	(240616643,'01351400275712',21,'2009-11-19 07:53:11','2009-11-19 07:53:11'),
	(241819951,'01250000315712',41,'2009-11-19 07:53:11','2009-11-19 07:53:11'),
	(242975189,'01240000215712',44,'2009-11-19 07:53:11','2009-11-19 07:53:11'),
	(266592971,'01344560105712',71,'2009-11-19 07:53:11','2009-11-19 07:53:11'),
	(267485745,'01220050105712',46,'2009-11-19 07:53:11','2009-11-19 07:53:11'),
	(269317261,'01240250405712',44,'2009-11-19 07:53:11','2009-11-19 07:53:11'),
	(270472311,'01232520115712',61,'2009-11-19 07:53:11','2009-11-19 07:53:11'),
	(270627227,'01400250405712',62,'2009-11-19 07:53:11','2009-11-19 07:53:11'),
	(271782241,'01380540405712',11,'2009-11-19 07:53:11','2009-11-19 07:53:11'),
	(272964958,'01031030725712',2,'2009-11-19 07:53:11','2009-11-19 07:53:11'),
	(274169254,'01380370105712',11,'2009-11-19 07:53:11','2009-11-19 07:53:11'),
	(274935053,'01200250105712',7,'2009-11-19 07:53:11','2009-11-19 07:53:11'),
	(294090601,'01340000245712',71,'2009-11-19 07:53:11','2009-11-19 07:53:11'),
	(294983571,'01200000335712',7,'2009-11-19 07:53:11','2009-11-19 07:53:11'),
	(295782202,'01096200375712',28,'2009-11-19 07:53:11','2009-11-19 07:53:11'),
	(308793282,'01440200105712',43,'2009-11-19 07:53:11','2009-11-19 07:53:11'),
	(309702458,'01420370105712',50,'2009-11-19 07:53:11','2009-11-19 07:53:11'),
	(329623029,'01644916215712',55,'2009-11-19 07:53:11','2009-11-19 07:53:11'),
	(330810639,'01160000245712',24,'2009-11-19 07:53:11','2009-11-19 07:53:11'),
	(333969763,'01621400275712',53,'2009-11-19 07:53:11','2009-11-19 07:53:11'),
	(348676588,'01161160105712',24,'2009-11-19 07:53:11','2009-11-19 07:53:11'),
	(349831448,'01151150215712',23,'2009-11-19 07:53:11','2009-11-19 07:53:11'),
	(352979931,'01384238105712',11,'2009-11-19 07:53:11','2009-11-19 07:53:11'),
	(353921825,'01381400105712',11,'2009-11-19 07:53:11','2009-11-19 07:53:11'),
	(355220360,'01310000345712',14,'2009-11-19 07:53:11','2009-11-19 07:53:11'),
	(384480112,'01680000275712',32,'2009-11-19 07:53:11','2009-11-19 07:53:11'),
	(385405836,'01174238105712',40,'2009-11-19 07:53:11','2009-11-19 07:53:11'),
	(388553031,'01311595105712',14,'2009-11-19 07:53:11','2009-11-19 07:53:11'),
	(389724605,'01404210105712',62,'2009-11-19 07:53:11','2009-11-19 07:53:11'),
	(390903170,'01384740105712',11,'2009-11-19 07:53:11','2009-11-19 07:53:11'),
	(392091002,'01374210105712',66,'2009-11-19 07:53:11','2009-11-19 07:53:11'),
	(392212630,'01242560115712',44,'2009-11-19 07:53:11','2009-11-19 07:53:11'),
	(393400430,'01240000275712',44,'2009-11-19 07:53:11','2009-11-19 07:53:11'),
	(403008491,'01254238105712',41,'2009-11-19 07:53:11','2009-11-19 07:53:11'),
	(404163345,'01121120725712',57,'2009-11-19 07:53:11','2009-11-19 07:53:11'),
	(429342128,'01410000105712',33,'2009-11-19 07:53:11','2009-11-19 07:53:11'),
	(432472542,'OUTSIDE BILLING',12,'2009-11-19 07:53:11','2009-11-19 07:53:11'),
	(433414438,'01200000245712',7,'2009-11-19 07:53:11','2009-11-19 07:53:11'),
	(437512670,'01161160245712',24,'2009-11-19 07:53:11','2009-11-19 07:53:11'),
	(439736717,'01400250105712',62,'2009-11-19 07:53:11','2009-11-19 07:53:11'),
	(440653236,'01731730715712',56,'2009-11-19 07:53:11','2009-11-19 07:53:11'),
	(441562440,'01611400275712',53,'2009-11-19 07:53:11','2009-11-19 07:53:11'),
	(443535524,'01174588105712',40,'2009-11-19 07:53:11','2009-11-19 07:53:11'),
	(466715625,'01179070105712',40,'2009-11-19 07:53:11','2009-11-19 07:53:11'),
	(468046658,'01423990105712',50,'2009-11-19 07:53:11','2009-11-19 07:53:11'),
	(469218234,'01270000275712',42,'2009-11-19 07:53:11','2009-11-19 07:53:11'),
	(478680921,'01341400105712',71,'2009-11-19 07:53:11','2009-11-19 07:53:11'),
	(479885219,'01344560275712',71,'2009-11-19 07:53:11','2009-11-19 07:53:11'),
	(486675645,'01192830105712',67,'2009-11-19 07:53:11','2009-11-19 07:53:11'),
	(489558443,'01680000315712',32,'2009-11-19 07:53:11','2009-11-19 07:53:11'),
	(490500433,'01561560855712',26,'2009-11-19 07:53:11','2009-11-19 07:53:11'),
	(513709420,'01380320275712',11,'2009-11-19 07:53:11','2009-11-19 07:53:11'),
	(514508229,'OUTSIDE BILLING',45,'2009-11-19 07:53:11','2009-11-19 07:53:11'),
	(515417407,'01340130105712',71,'2009-11-19 07:53:11','2009-11-19 07:53:11'),
	(517405887,'01250250405712',41,'2009-11-19 07:53:11','2009-11-19 07:53:11'),
	(526188379,'01424650315712',50,'2009-11-19 07:53:11','2009-11-19 07:53:11'),
	(526954484,'01031030725712',2,'2009-11-19 07:53:11','2009-11-19 07:53:11'),
	(528142088,'01061060725712',15,'2009-11-19 07:53:11','2009-11-19 07:53:11'),
	(541314492,'01171170105712',40,'2009-11-19 07:53:11','2009-11-19 07:53:11'),
	(542223680,'01634560215712',25,'2009-11-19 07:53:11','2009-11-19 07:53:11'),
	(545408454,'01310050105712',14,'2009-11-19 07:53:11','2009-11-19 07:53:11'),
	(562145165,'01000251005712',19,'2009-11-19 07:53:11','2009-11-19 07:53:11'),
	(563332983,'01192575115712',67,'2009-11-19 07:53:11','2009-11-19 07:53:11'),
	(567385057,'01620000105712',53,'2009-11-19 07:53:11','2009-11-19 07:53:11'),
	(570782691,'01440000315712',43,'2009-11-19 07:53:11','2009-11-19 07:53:11'),
	(571937561,'01531530215712',63,'2009-11-19 07:53:11','2009-11-19 07:53:11'),
	(573142773,'01252610125712',41,'2009-11-19 07:53:11','2009-11-19 07:53:11'),
	(574297615,'01270000325712',42,'2009-11-19 07:53:11','2009-11-19 07:53:11'),
	(576016271,'01524750105712',58,'2009-11-19 07:53:11','2009-11-19 07:53:11'),
	(576790312,'01204920105712',7,'2009-11-19 07:53:11','2009-11-19 07:53:11'),
	(577994716,'01374560105712',66,'2009-11-19 07:53:11','2009-11-19 07:53:11'),
	(583978712,'01310250405712',14,'2009-11-19 07:53:11','2009-11-19 07:53:11'),
	(584887844,'01344238105712',71,'2009-11-19 07:53:11','2009-11-19 07:53:11'),
	(594016443,'01515080405712',9,'2009-11-19 07:53:11','2009-11-19 07:53:11'),
	(597108152,'01191370345712',67,'2009-11-19 07:53:11','2009-11-19 07:53:11'),
	(597914897,'01420940275712',50,'2009-11-19 07:53:11','2009-11-19 07:53:11'),
	(598808043,'01370000315712',66,'2009-11-19 07:53:11','2009-11-19 07:53:11'),
	(604650658,'01096200375712',28,'2009-11-19 07:53:11','2009-11-19 07:53:11'),
	(604977528,'OUTSIDE BILLING',27,'2009-11-19 07:53:11','2009-11-19 07:53:11'),
	(617525514,'01440950105712',43,'2009-11-19 07:53:11','2009-11-19 07:53:11'),
	(618451442,'01242520115712',44,'2009-11-19 07:53:11','2009-11-19 07:53:11'),
	(621599551,'01310370105712',14,'2009-11-19 07:53:11','2009-11-19 07:53:11'),
	(622771141,'01415920105712',33,'2009-11-19 07:53:11','2009-11-19 07:53:11'),
	(625259244,'01254238315712',41,'2009-11-19 07:53:11','2009-11-19 07:53:11'),
	(626446872,'01280250405712',20,'2009-11-19 07:53:11','2009-11-19 07:53:11'),
	(627619836,'01420540405712',50,'2009-11-19 07:53:11','2009-11-19 07:53:11'),
	(628807424,'01440540105712',43,'2009-11-19 07:53:11','2009-11-19 07:53:11'),
	(631442113,'01310070105712',14,'2009-11-19 07:53:11','2009-11-19 07:53:11'),
	(632384059,'01323810105712',49,'2009-11-19 07:53:11','2009-11-19 07:53:11'),
	(634213185,'01224561015712',46,'2009-11-19 07:53:11','2009-11-19 07:53:11'),
	(642352943,'01372755105712',66,'2009-11-19 07:53:11','2009-11-19 07:53:11'),
	(646994672,'01204560105712',7,'2009-11-19 07:53:11','2009-11-19 07:53:11'),
	(653026198,'01440170105712',43,'2009-11-19 07:53:11','2009-11-19 07:53:11'),
	(654181230,'01420000335712',50,'2009-11-19 07:53:11','2009-11-19 07:53:11'),
	(656038154,'01380320105712',11,'2009-11-19 07:53:11','2009-11-19 07:53:11'),
	(657328547,'01471400275712',36,'2009-11-19 07:53:11','2009-11-19 07:53:11'),
	(658270553,'01311400245712',14,'2009-11-19 07:53:11','2009-11-19 07:53:11'),
	(673549148,'01171582105712',40,'2009-11-19 07:53:11','2009-11-19 07:53:11'),
	(676057822,'01192939395712',67,'2009-11-19 07:53:11','2009-11-19 07:53:11'),
	(676966950,'01220280105712',46,'2009-11-19 07:53:11','2009-11-19 07:53:11'),
	(677894090,'01071070725712',1,'2009-11-19 07:53:11','2009-11-19 07:53:11'),
	(678803250,'01322570115712',49,'2009-11-19 07:53:11','2009-11-19 07:53:11'),
	(679505895,'01322510115712',49,'2009-11-19 07:53:11','2009-11-19 07:53:11'),
	(680660765,'01384738105712',11,'2009-11-19 07:53:11','2009-11-19 07:53:11'),
	(690383125,'01373811275712',66,'2009-11-19 07:53:11','2009-11-19 07:53:11'),
	(691276271,'01155650725712',23,'2009-11-19 07:53:11','2009-11-19 07:53:11'),
	(700567864,'01374450105712',66,'2009-11-19 07:53:11','2009-11-19 07:53:11'),
	(701739460,'01222550115712',46,'2009-11-19 07:53:11','2009-11-19 07:53:11'),
	(703062379,'01541540215712',5,'2009-11-19 07:53:11','2009-11-19 07:53:11'),
	(706832787,'01320000275712',49,'2009-11-19 07:53:11','2009-11-19 07:53:11'),
	(707987817,'01354650105712',21,'2009-11-19 07:53:11','2009-11-19 07:53:11'),
	(717672894,'01193980115712',67,'2009-11-19 07:53:11','2009-11-19 07:53:11'),
	(718582086,'01340270105712',71,'2009-11-19 07:53:11','2009-11-19 07:53:11'),
	(721730441,'01220060105712',46,'2009-11-19 07:53:11','2009-11-19 07:53:11'),
	(722918259,'01241400215712',44,'2009-11-19 07:53:11','2009-11-19 07:53:11'),
	(729318131,'01314238105712',14,'2009-11-19 07:53:11','2009-11-19 07:53:11'),
	(731995954,'01535905105712',63,'2009-11-19 07:53:11','2009-11-19 07:53:11'),
	(736297892,'01381400215712',11,'2009-11-19 07:53:11','2009-11-19 07:53:11'),
	(737239904,'01421520305712',50,'2009-11-19 07:53:11','2009-11-19 07:53:11'),
	(745111440,'01314920105712',14,'2009-11-19 07:53:11','2009-11-19 07:53:11'),
	(746266476,'01254560295712',41,'2009-11-19 07:53:11','2009-11-19 07:53:11'),
	(747554749,'OUTSIDE BILLING',52,'2009-11-19 07:53:11','2009-11-19 07:53:11'),
	(748463943,'01351380105712',21,'2009-11-19 07:53:11','2009-11-19 07:53:11'),
	(749271022,'01240020105712',44,'2009-11-19 07:53:11','2009-11-19 07:53:11'),
	(752918077,'01310060105712',14,'2009-11-19 07:53:11','2009-11-19 07:53:11'),
	(759999882,'01401390335712',62,'2009-11-19 07:53:11','2009-11-19 07:53:11'),
	(761187698,'01270000105712',42,'2009-11-19 07:53:11','2009-11-19 07:53:11'),
	(761961945,'01000001005712',19,'2009-11-19 07:53:11','2009-11-19 07:53:11'),
	(766186919,'01400270105712',62,'2009-11-19 07:53:11','2009-11-19 07:53:11'),
	(767128925,'01370280275712',66,'2009-11-19 07:53:11','2009-11-19 07:53:11'),
	(776711436,'01533815215712',63,'2009-11-19 07:53:11','2009-11-19 07:53:11'),
	(777637368,'01424920105712',50,'2009-11-19 07:53:11','2009-11-19 07:53:11'),
	(783029537,'01380080105712',11,'2009-11-19 07:53:11','2009-11-19 07:53:11'),
	(784233947,'01383815105712',11,'2009-11-19 07:53:11','2009-11-19 07:53:11'),
	(789189587,'01340250405712',71,'2009-11-19 07:53:11','2009-11-19 07:53:11'),
	(790131497,'01634561215712',25,'2009-11-19 07:53:11','2009-11-19 07:53:11'),
	(791025349,'01200410275712',7,'2009-11-19 07:53:11','2009-11-19 07:53:11'),
	(791967295,'01224237105712',46,'2009-11-19 07:53:11','2009-11-19 07:53:11'),
	(804105214,'01250020105712',41,'2009-11-19 07:53:11','2009-11-19 07:53:11'),
	(805292806,'01420000105712',50,'2009-11-19 07:53:11','2009-11-19 07:53:11'),
	(808401072,'01250040105712',41,'2009-11-19 07:53:11','2009-11-19 07:53:11'),
	(809326676,'01009160405712',12,'2009-11-19 07:53:11','2009-11-19 07:53:11'),
	(818446467,'01322575115712',49,'2009-11-19 07:53:11','2009-11-19 07:53:11'),
	(819650681,'01200080105712',7,'2009-11-19 07:53:11','2009-11-19 07:53:11'),
	(821874730,'01281400275712',20,'2009-11-19 07:53:11','2009-11-19 07:53:11'),
	(826194461,'01320070105712',49,'2009-11-19 07:53:11','2009-11-19 07:53:11'),
	(826442599,'01200390105712',7,'2009-11-19 07:53:11','2009-11-19 07:53:11'),
	(827384733,'01209700505712',7,'2009-11-19 07:53:11','2009-11-19 07:53:11'),
	(829326961,'01721720725712',60,'2009-11-19 07:53:11','2009-11-19 07:53:11'),
	(830269067,'01442610125712',43,'2009-11-19 07:53:11','2009-11-19 07:53:11'),
	(831077982,'01270400105712',42,'2009-11-19 07:53:11','2009-11-19 07:53:11'),
	(832265894,'01470000275712',36,'2009-11-19 07:53:11','2009-11-19 07:53:11'),
	(839772724,'01283990105712',20,'2009-11-19 07:53:11','2009-11-19 07:53:11'),
	(840927944,'01321400725712',49,'2009-11-19 07:53:11','2009-11-19 07:53:11'),
	(845394866,'01350270105712',21,'2009-11-19 07:53:11','2009-11-19 07:53:11'),
	(851078771,'01440250405712',43,'2009-11-19 07:53:11','2009-11-19 07:53:11'),
	(854217247,'01282520115712',20,'2009-11-19 07:53:11','2009-11-19 07:53:11'),
	(855126757,'01380110105712',11,'2009-11-19 07:53:11','2009-11-19 07:53:11'),
	(858273834,'01312610125712',14,'2009-11-19 07:53:11','2009-11-19 07:53:11'),
	(859461842,'01900900215712',64,'2009-11-19 07:53:11','2009-11-19 07:53:11'),
	(869236741,'01683790275712',32,'2009-11-19 07:53:11','2009-11-19 07:53:11'),
	(870179071,'01445915105712',43,'2009-11-19 07:53:11','2009-11-19 07:53:11'),
	(877001777,'01461400275712',17,'2009-11-19 07:53:11','2009-11-19 07:53:11'),
	(878157003,'01192830955712',67,'2009-11-19 07:53:11','2009-11-19 07:53:11'),
	(879864984,'01341400315712',71,'2009-11-19 07:53:11','2009-11-19 07:53:11'),
	(883049502,'01591590245712',10,'2009-11-19 07:53:11','2009-11-19 07:53:11'),
	(883959014,'01651400275712',70,'2009-11-19 07:53:11','2009-11-19 07:53:11'),
	(884285748,'01132018385712',69,'2009-11-19 07:53:11','2009-11-19 07:53:11'),
	(895495723,'01171584105712',40,'2009-11-19 07:53:11','2009-11-19 07:53:11'),
	(896683729,'01472765195712',36,'2009-11-19 07:53:11','2009-11-19 07:53:11'),
	(898078216,'01373580275712',66,'2009-11-19 07:53:11','2009-11-19 07:53:11'),
	(899020540,'01274750105712',42,'2009-11-19 07:53:11','2009-11-19 07:53:11'),
	(900974255,'01241400315712',44,'2009-11-19 07:53:11','2009-11-19 07:53:11'),
	(905686910,'01261400275712',31,'2009-11-19 07:53:11','2009-11-19 07:53:11'),
	(906183274,'01041040725712',37,'2009-11-19 07:53:11','2009-11-19 07:53:11'),
	(907092626,'01420320105712',50,'2009-11-19 07:53:11','2009-11-19 07:53:11'),
	(909068158,'01203810105712',7,'2009-11-19 07:53:11','2009-11-19 07:53:11'),
	(909977478,'01221400275712',46,'2009-11-19 07:53:11','2009-11-19 07:53:11'),
	(920975941,'01225420105712',46,'2009-11-19 07:53:11','2009-11-19 07:53:11'),
	(922131135,'01370250105712',66,'2009-11-19 07:53:11','2009-11-19 07:53:11'),
	(927136951,'01203810315712',7,'2009-11-19 07:53:11','2009-11-19 07:53:11'),
	(928029773,'01250070105712',41,'2009-11-19 07:53:11','2009-11-19 07:53:11'),
	(933577884,'01404990105712',62,'2009-11-19 07:53:11','2009-11-19 07:53:11'),
	(934749280,'01021020715712',65,'2009-11-19 07:53:11','2009-11-19 07:53:11'),
	(948500022,'01352555115712',21,'2009-11-19 07:53:11','2009-11-19 07:53:11'),
	(949655246,'01400000345712',62,'2009-11-19 07:53:11','2009-11-19 07:53:11'),
	(952806048,'01200000215712',7,'2009-11-19 07:53:11','2009-11-19 07:53:11'),
	(961190913,'11816107105712',3,'2009-11-19 07:53:11','2009-11-19 07:53:11'),
	(962133243,'01200000105712',7,'2009-11-19 07:53:11','2009-11-19 07:53:11'),
	(966358149,'01234450105712',61,'2009-11-19 07:53:11','2009-11-19 07:53:11'),
	(980330754,'01420300105712',50,'2009-11-19 07:53:11','2009-11-19 07:53:11'),
	(982258937,'01400000275712',62,'2009-11-19 07:53:11','2009-11-19 07:53:11'),
	(984229034,'01270250405712',42,'2009-11-19 07:53:11','2009-11-19 07:53:11'),
	(985154642,'01566115605712',26,'2009-11-19 07:53:11','2009-11-19 07:53:11'),
	(990650968,'01420660275712',50,'2009-11-19 07:53:11','2009-11-19 07:53:11'),
	(991838884,'01533939195712',63,'2009-11-19 07:53:11','2009-11-19 07:53:11'),
	(991962960,'01251400315712',41,'2009-11-19 07:53:11','2009-11-19 07:53:11'),
	(993150900,'01270250405712',42,'2009-11-19 07:53:11','2009-11-19 07:53:11'),
	(995000014,'01283820105712',20,'2009-11-19 07:53:11','2009-11-19 07:53:11'),
	(996691613,'01374560105712',66,'2009-11-19 07:53:11','2009-11-19 07:53:11'),
	(997863015,'01200060105712',7,'2009-11-19 07:53:11','2009-11-19 07:53:11'),
	(1002938211,'01313790105712',14,'2009-11-19 07:53:11','2009-11-19 07:53:11'),
	(1003880345,'01342610125712',71,'2009-11-19 07:53:11','2009-11-19 07:53:11'),
	(1006996100,'01274560105712',42,'2009-11-19 07:53:11','2009-11-19 07:53:11'),
	(1008200320,'01374350105712',66,'2009-11-19 07:53:11','2009-11-19 07:53:11'),
	(1011737431,'01253990105712',41,'2009-11-19 07:53:11','2009-11-19 07:53:11'),
	(1012892589,'01280280105712',20,'2009-11-19 07:53:11','2009-11-19 07:53:11'),
	(1013048897,'01420250105712',50,'2009-11-19 07:53:11','2009-11-19 07:53:11'),
	(1014204091,'01472701105712',36,'2009-11-19 07:53:11','2009-11-19 07:53:11'),
	(1017797500,'01310540105712',14,'2009-11-19 07:53:11','2009-11-19 07:53:11'),
	(1018706816,'01321400275712',49,'2009-11-19 07:53:11','2009-11-19 07:53:11'),
	(1020682754,'01350280105712',21,'2009-11-19 07:53:11','2009-11-19 07:53:11'),
	(1023634713,'01071070725712',51,'2009-11-19 07:53:11','2009-11-19 07:53:11'),
	(1024722999,'01193980395712',67,'2009-11-19 07:53:11','2009-11-19 07:53:11'),
	(1036509363,'01274560005712',42,'2009-11-19 07:53:11','2009-11-19 07:53:11'),
	(1037402185,'01567100855712',26,'2009-11-19 07:53:11','2009-11-19 07:53:11'),
	(1040279627,'01203811315712',7,'2009-11-19 07:53:11','2009-11-19 07:53:11'),
	(1042765848,'01320230105712',49,'2009-11-19 07:53:11','2009-11-19 07:53:11'),
	(1043675364,'01081080725712',39,'2009-11-19 07:53:11','2009-11-19 07:53:11'),
	(1062385264,'01232515115712',61,'2009-11-19 07:53:11','2009-11-19 07:53:11'),
	(1066101679,'01224740105712',46,'2009-11-19 07:53:11','2009-11-19 07:53:11'),
	(1071985199,'01311390335712',14,'2009-11-19 07:53:11','2009-11-19 07:53:11'),
	(1073173205,'01252520115712',41,'2009-11-19 07:53:11','2009-11-19 07:53:11'),
	(1078316065,'01240450105712',44,'2009-11-19 07:53:11','2009-11-19 07:53:11'),
	(1079487707,'01320250105712',49,'2009-11-19 07:53:11','2009-11-19 07:53:11'),
	(1084388366,'01240000335712',44,'2009-11-19 07:53:11','2009-11-19 07:53:11'),
	(1085281526,'01081080775712',39,'2009-11-19 07:53:11','2009-11-19 07:53:11'),
	(1090810624,'01200110105712',7,'2009-11-19 07:53:11','2009-11-19 07:53:11'),
	(1091965444,'01401180395712',62,'2009-11-19 07:53:11','2009-11-19 07:53:11'),
	(1093171176,'01201400215712',7,'2009-11-19 07:53:11','2009-11-19 07:53:11'),
	(1094326036,'01222520115712',46,'2009-11-19 07:53:11','2009-11-19 07:53:11'),
	(1105447635,'01310230105712',14,'2009-11-19 07:53:11','2009-11-19 07:53:11'),
	(1106356777,'01280240105712',20,'2009-11-19 07:53:11','2009-11-19 07:53:11'),
	(1114054333,'01561560725712',26,'2009-11-19 07:53:11','2009-11-19 07:53:11'),
	(1114996295,'01403811105712',62,'2009-11-19 07:53:11','2009-11-19 07:53:11'),
	(1115727506,'01202610125712',7,'2009-11-19 07:53:11','2009-11-19 07:53:11'),
	(1116915306,'01381380315712',11,'2009-11-19 07:53:11','2009-11-19 07:53:11'),
	(1119155769,'01371057125712',66,'2009-11-19 07:53:11','2009-11-19 07:53:11'),
	(1123852268,'01260000105712',31,'2009-11-19 07:53:11','2009-11-19 07:53:11'),
	(1128451239,'01175040105712',40,'2009-11-19 07:53:11','2009-11-19 07:53:11'),
	(1129360477,'01310000275712',14,'2009-11-19 07:53:11','2009-11-19 07:53:11'),
	(1131846670,'01252515115712',41,'2009-11-19 07:53:11','2009-11-19 07:53:11'),
	(1134916748,'01371400155712',66,'2009-11-19 07:53:11','2009-11-19 07:53:11'),
	(1135743398,'01132018365712',69,'2009-11-19 07:53:11','2009-11-19 07:53:11'),
	(1136071792,'01420000275712',50,'2009-11-19 07:53:11','2009-11-19 07:53:11'),
	(1143933120,'01312520115712',14,'2009-11-19 07:53:11','2009-11-19 07:53:11'),
	(1144875076,'01173700215712',40,'2009-11-19 07:53:11','2009-11-19 07:53:11'),
	(1154003091,'01440250105712',43,'2009-11-19 07:53:11','2009-11-19 07:53:11'),
	(1155190889,'01644916105712',55,'2009-11-19 07:53:11','2009-11-19 07:53:11'),
	(1158339238,'01634560295712',25,'2009-11-19 07:53:11','2009-11-19 07:53:11'),
	(1159248478,'01230901105712',61,'2009-11-19 07:53:11','2009-11-19 07:53:11'),
	(1164215076,'01350250405712',21,'2009-11-19 07:53:11','2009-11-19 07:53:11'),
	(1170038501,'01440270105712',43,'2009-11-19 07:53:11','2009-11-19 07:53:11'),
	(1173185161,'01234750105712',61,'2009-11-19 07:53:11','2009-11-19 07:53:11'),
	(1174340211,'01723720205712',60,'2009-11-19 07:53:11','2009-11-19 07:53:11'),
	(1178176139,'01250000105712',41,'2009-11-19 07:53:11','2009-11-19 07:53:11'),
	(1178973169,'01200250405712',7,'2009-11-19 07:53:11','2009-11-19 07:53:11'),
	(1180160779,'01220000315712',46,'2009-11-19 07:53:11','2009-11-19 07:53:11'),
	(1181333223,'01724130215712',60,'2009-11-19 07:53:11','2009-11-19 07:53:11'),
	(1182520861,'01634560105712',25,'2009-11-19 07:53:11','2009-11-19 07:53:11'),
	(1183715020,'01424238105712',50,'2009-11-19 07:53:11','2009-11-19 07:53:11'),
	(1184656944,'01723720725712',60,'2009-11-19 07:53:11','2009-11-19 07:53:11'),
	(1193805882,'01192830115712',67,'2009-11-19 07:53:11','2009-11-19 07:53:11'),
	(1195010242,'01380230105712',11,'2009-11-19 07:53:11','2009-11-19 07:53:11'),
	(1204793365,'01384740275712',11,'2009-11-19 07:53:11','2009-11-19 07:53:11'),
	(1205719279,'01384560105712',11,'2009-11-19 07:53:11','2009-11-19 07:53:11'),
	(1207689404,'01021020715712',65,'2009-11-19 07:53:11','2009-11-19 07:53:11'),
	(1213564666,'01222610125712',46,'2009-11-19 07:53:11','2009-11-19 07:53:11'),
	(1217157945,'01230000105712',61,'2009-11-19 07:53:11','2009-11-19 07:53:11'),
	(1222771385,'01220040105712',46,'2009-11-19 07:53:11','2009-11-19 07:53:11'),
	(1223713347,'01533810105712',63,'2009-11-19 07:53:11','2009-11-19 07:53:11'),
	(1225152733,'01314738105712',14,'2009-11-19 07:53:11','2009-11-19 07:53:11'),
	(1226860686,'01340000105712',71,'2009-11-19 07:53:11','2009-11-19 07:53:11'),
	(1228015734,'01724398215712',60,'2009-11-19 07:53:11','2009-11-19 07:53:11'),
	(1241800079,'01061060725712',15,'2009-11-19 07:53:11','2009-11-19 07:53:11'),
	(1242773665,'01411400275712',33,'2009-11-19 07:53:11','2009-11-19 07:53:11'),
	(1254150181,'01345640275712',71,'2009-11-19 07:53:11','2009-11-19 07:53:11'),
	(1255321823,'01310400105712',14,'2009-11-19 07:53:11','2009-11-19 07:53:11'),
	(1258469906,'01274990105712',42,'2009-11-19 07:53:11','2009-11-19 07:53:11'),
	(1259395818,'01235060105712',61,'2009-11-19 07:53:11','2009-11-19 07:53:11'),
	(1263195073,'01253932105712',41,'2009-11-19 07:53:11','2009-11-19 07:53:11'),
	(1264104251,'01310000105712',14,'2009-11-19 07:53:11','2009-11-19 07:53:11'),
	(1265030871,'01420250405712',50,'2009-11-19 07:53:11','2009-11-19 07:53:11'),
	(1265940013,'01472570115712',36,'2009-11-19 07:53:11','2009-11-19 07:53:11'),
	(1269656558,'01311400105712',14,'2009-11-19 07:53:11','2009-11-19 07:53:11'),
	(1270811414,'01314528105712',14,'2009-11-19 07:53:11','2009-11-19 07:53:11'),
	(1272009368,'01340040105712',71,'2009-11-19 07:53:11','2009-11-19 07:53:11'),
	(1275794126,'01421400275712',50,'2009-11-19 07:53:11','2009-11-19 07:53:11'),
	(1276736054,'01533830105712',63,'2009-11-19 07:53:11','2009-11-19 07:53:11'),
	(1277630426,'01251400275712',41,'2009-11-19 07:53:11','2009-11-19 07:53:11'),
	(1278572322,'01271400275712',42,'2009-11-19 07:53:11','2009-11-19 07:53:11'),
	(1279872600,'01253810105712',41,'2009-11-19 07:53:11','2009-11-19 07:53:11'),
	(1282375179,'01900900105712',64,'2009-11-19 07:53:11','2009-11-19 07:53:11'),
	(1283268337,'01428020405712',50,'2009-11-19 07:53:11','2009-11-19 07:53:11'),
	(1287696373,'01313810105712',14,'2009-11-19 07:53:11','2009-11-19 07:53:11'),
	(1288883983,'01342575115712',71,'2009-11-19 07:53:11','2009-11-19 07:53:11'),
	(1300964463,'01440200275712',43,'2009-11-19 07:53:11','2009-11-19 07:53:11'),
	(1303188540,'01354738105712',21,'2009-11-19 07:53:11','2009-11-19 07:53:11'),
	(1304392904,'01280400105712',20,'2009-11-19 07:53:11','2009-11-19 07:53:11'),
	(1313713303,'01723720215712',60,'2009-11-19 07:53:11','2009-11-19 07:53:11'),
	(1314901101,'01203790105712',7,'2009-11-19 07:53:11','2009-11-19 07:53:11'),
	(1318994963,'01173990105712',40,'2009-11-19 07:53:11','2009-11-19 07:53:11'),
	(1334822560,'01204050105712',7,'2009-11-19 07:53:11','2009-11-19 07:53:11'),
	(1335731804,'01173910215712',40,'2009-11-19 07:53:11','2009-11-19 07:53:11'),
	(1338874422,'01380000105712',11,'2009-11-19 07:53:11','2009-11-19 07:53:11'),
	(1344104860,'01561570725712',26,'2009-11-19 07:53:11','2009-11-19 07:53:11'),
	(1344878901,'01220110105712',46,'2009-11-19 07:53:11','2009-11-19 07:53:11'),
	(1346066895,'01421450105712',50,'2009-11-19 07:53:11','2009-11-19 07:53:11'),
	(1364113337,'01322610125712',49,'2009-11-19 07:53:11','2009-11-19 07:53:11'),
	(1368877690,'01205060105712',7,'2009-11-19 07:53:11','2009-11-19 07:53:11'),
	(1374376708,'01200000315712',7,'2009-11-19 07:53:11','2009-11-19 07:53:11'),
	(1375286264,'OUTSIDE BILLING',68,'2009-11-19 07:53:11','2009-11-19 07:53:11'),
	(1376512937,'01724538255712',60,'2009-11-19 07:53:11','2009-11-19 07:53:11'),
	(1377405779,'01354560105712',21,'2009-11-19 07:53:11','2009-11-19 07:53:11'),
	(1380156026,'01255060105712',41,'2009-11-19 07:53:11','2009-11-19 07:53:11'),
	(1381098114,'01280000105712',20,'2009-11-19 07:53:11','2009-11-19 07:53:11'),
	(1383040878,'01420280105712',50,'2009-11-19 07:53:11','2009-11-19 07:53:11'),
	(1383982998,'01441400275712',43,'2009-11-19 07:53:11','2009-11-19 07:53:11'),
	(1386494551,'01310080105712',14,'2009-11-19 07:53:11','2009-11-19 07:53:11'),
	(1387682477,'01230250405712',61,'2009-11-19 07:53:11','2009-11-19 07:53:11'),
	(1388995543,'01380000215712',11,'2009-11-19 07:53:11','2009-11-19 07:53:11'),
	(1393035746,'OUTSIDE BILLING',48,'2009-11-19 07:53:11','2009-11-19 07:53:11'),
	(1393364020,'01102300815712',47,'2009-11-19 07:53:11','2009-11-19 07:53:11'),
	(1405714848,'01174238105712',63,'2009-11-19 07:53:11','2009-11-19 07:53:11'),
	(1406919012,'01242610125712',44,'2009-11-19 07:53:11','2009-11-19 07:53:11'),
	(1415628845,'01051050725712',38,'2009-11-19 07:53:11','2009-11-19 07:53:11'),
	(1418728750,'01270250105712',42,'2009-11-19 07:53:11','2009-11-19 07:53:11'),
	(1420051847,'01730870505712',56,'2009-11-19 07:53:11','2009-11-19 07:53:11'),
	(1421223293,'01191370455712',67,'2009-11-19 07:53:11','2009-11-19 07:53:11'),
	(1426211701,'01440000105712',43,'2009-11-19 07:53:11','2009-11-19 07:53:11'),
	(1427121039,'01521520305712',58,'2009-11-19 07:53:11','2009-11-19 07:53:11'),
	(1429096035,'01253810215712',41,'2009-11-19 07:53:11','2009-11-19 07:53:11'),
	(1430005401,'01270000315712',42,'2009-11-19 07:53:11','2009-11-19 07:53:11'),
	(1431469849,'01381400315712',11,'2009-11-19 07:53:11','2009-11-19 07:53:11'),
	(1432760242,'OUTSIDE BILLING',54,'2009-11-19 07:53:11','2009-11-19 07:53:11'),
	(1433685834,'01153710105712',23,'2009-11-19 07:53:11','2009-11-19 07:53:11'),
	(1439301198,'01311400275712',14,'2009-11-19 07:53:11','2009-11-19 07:53:11'),
	(1440456374,'01344248105712',71,'2009-11-19 07:53:11','2009-11-19 07:53:11'),
	(1451661083,'01000252005712',4,'2009-11-19 07:53:11','2009-11-19 07:53:11'),
	(1452603361,'01634562325712',25,'2009-11-19 07:53:11','2009-11-19 07:53:11'),
	(1456909175,'01420270105712',50,'2009-11-19 07:53:11','2009-11-19 07:53:11'),
	(1464139054,'01515080405712',9,'2009-11-19 07:53:11','2009-11-19 07:53:11'),
	(1465294294,'01320000105712',49,'2009-11-19 07:53:11','2009-11-19 07:53:11'),
	(1468364116,'OUTSIDE BILLING',6,'2009-11-19 07:53:11','2009-11-19 07:53:11'),
	(1477256005,'01723720215712',60,'2009-11-19 07:53:11','2009-11-19 07:53:11'),
	(1478443967,'01374238105712',66,'2009-11-19 07:53:11','2009-11-19 07:53:11'),
	(1478567507,'01200450105712',7,'2009-11-19 07:53:11','2009-11-19 07:53:11'),
	(1479755433,'01223810105712',46,'2009-11-19 07:53:11','2009-11-19 07:53:11'),
	(1491770216,'01382610125712',11,'2009-11-19 07:53:11','2009-11-19 07:53:11'),
	(1492712340,'01315240105712',14,'2009-11-19 07:53:11','2009-11-19 07:53:11'),
	(1498193306,'01310250105712',14,'2009-11-19 07:53:11','2009-11-19 07:53:11'),
	(1499397474,'01171120105712',40,'2009-11-19 07:53:11','2009-11-19 07:53:11'),
	(1504388535,'01633790215712',25,'2009-11-19 07:53:11','2009-11-19 07:53:11'),
	(1505314125,'01380220105712',11,'2009-11-19 07:53:11','2009-11-19 07:53:11'),
	(1514904860,'01019030405712',13,'2009-11-19 07:53:11','2009-11-19 07:53:11'),
	(1515847144,'01173910105712',40,'2009-11-19 07:53:11','2009-11-19 07:53:11'),
	(1517137231,'01340070105712',71,'2009-11-19 07:53:11','2009-11-19 07:53:11'),
	(1521231153,'01440200005712',43,'2009-11-19 07:53:11','2009-11-19 07:53:11'),
	(1522419147,'01792018365712',29,'2009-11-19 07:53:11','2009-11-19 07:53:11'),
	(1533955846,'01283830105712',20,'2009-11-19 07:53:11','2009-11-19 07:53:11'),
	(1534865406,'01320250405712',49,'2009-11-19 07:53:11','2009-11-19 07:53:11'),
	(1535768363,'01380748105712',11,'2009-11-19 07:53:11','2009-11-19 07:53:11'),
	(1536923601,'01524750305712',58,'2009-11-19 07:53:11','2009-11-19 07:53:11'),
	(1538246520,'01380000275712',11,'2009-11-19 07:53:11','2009-11-19 07:53:11'),
	(1541910187,'01310000315712',14,'2009-11-19 07:53:11','2009-11-19 07:53:11'),
	(1543736095,'01228060405712',46,'2009-11-19 07:53:11','2009-11-19 07:53:11'),
	(1544678373,'01371496105712',66,'2009-11-19 07:53:11','2009-11-19 07:53:11'),
	(1551872613,'01314072215712',14,'2009-11-19 07:53:11','2009-11-19 07:53:11'),
	(1554411428,'01561560245712',26,'2009-11-19 07:53:11','2009-11-19 07:53:11'),
	(1558459186,'01230000315712',61,'2009-11-19 07:53:11','2009-11-19 07:53:11'),
	(1559647178,'01310020105712',14,'2009-11-19 07:53:11','2009-11-19 07:53:11'),
	(1562794245,'01310290105712',14,'2009-11-19 07:53:11','2009-11-19 07:53:11'),
	(1563703807,'01370000275712',66,'2009-11-19 07:53:11','2009-11-19 07:53:11'),
	(1572987176,'01250660275712',41,'2009-11-19 07:53:11','2009-11-19 07:53:11'),
	(1574142420,'01380250405712',11,'2009-11-19 07:53:11','2009-11-19 07:53:11'),
	(1579243907,'01239205105712',61,'2009-11-19 07:53:11','2009-11-19 07:53:11'),
	(1580415353,'01380130105712',11,'2009-11-19 07:53:11','2009-11-19 07:53:11'),
	(1590092206,'0119399053712',67,'2009-11-19 07:53:11','2009-11-19 07:53:11'),
	(1590985046,'01240410105712',44,'2009-11-19 07:53:11','2009-11-19 07:53:11'),
	(1591792125,'01041040725712',37,'2009-11-19 07:53:11','2009-11-19 07:53:11'),
	(1596111818,'01233990105712',61,'2009-11-19 07:53:11','2009-11-19 07:53:11'),
	(1598874188,'01193980105712',67,'2009-11-19 07:53:11','2009-11-19 07:53:11'),
	(1600029360,'01220250405712',46,'2009-11-19 07:53:11','2009-11-19 07:53:11'),
	(1600186204,'01341400275712',71,'2009-11-19 07:53:11','2009-11-19 07:53:11'),
	(1601341352,'11816100275712',3,'2009-11-19 07:53:11','2009-11-19 07:53:11'),
	(1602707313,'01370250405712',66,'2009-11-19 07:53:11','2009-11-19 07:53:11'),
	(1603616651,'01282575114712',20,'2009-11-19 07:53:11','2009-11-19 07:53:11'),
	(1613752785,'01381595105712',11,'2009-11-19 07:53:11','2009-11-19 07:53:11'),
	(1614645547,'01244249275712',44,'2009-11-19 07:53:11','2009-11-19 07:53:11'),
	(1615562004,'01400000105712',62,'2009-11-19 07:53:11','2009-11-19 07:53:11'),
	(1616504304,'01353830105712',21,'2009-11-19 07:53:11','2009-11-19 07:53:11'),
	(1617395716,'01241400275712',44,'2009-11-19 07:53:11','2009-11-19 07:53:11'),
	(1618338040,'01240000315712',44,'2009-11-19 07:53:11','2009-11-19 07:53:11'),
	(1642955750,'01412520115712',33,'2009-11-19 07:53:11','2009-11-19 07:53:11'),
	(1644159774,'01441400105712',43,'2009-11-19 07:53:11','2009-11-19 07:53:11'),
	(1645034317,'01384650105712',11,'2009-11-19 07:53:11','2009-11-19 07:53:11'),
	(1646222263,'01350290105712',21,'2009-11-19 07:53:11','2009-11-19 07:53:11'),
	(1646988062,'01724319215712',60,'2009-11-19 07:53:11','2009-11-19 07:53:11'),
	(1674531194,'01320270105712',49,'2009-11-19 07:53:11','2009-11-19 07:53:11'),
	(1675440514,'01151150105712',23,'2009-11-19 07:53:11','2009-11-19 07:53:11'),
	(1688376675,'01644640215712',55,'2009-11-19 07:53:11','2009-11-19 07:53:11'),
	(1689318809,'01591590245712',10,'2009-11-19 07:53:11','2009-11-19 07:53:11'),
	(1692453365,'01621400105712',53,'2009-11-19 07:53:11','2009-11-19 07:53:11'),
	(1700855636,'01225060105712',46,'2009-11-19 07:53:11','2009-11-19 07:53:11'),
	(1702010800,'01410000315712',33,'2009-11-19 07:53:11','2009-11-19 07:53:11'),
	(1719683071,'01472565115712',36,'2009-11-19 07:53:11','2009-11-19 07:53:11'),
	(1720854277,'01354238405712',21,'2009-11-19 07:53:11','2009-11-19 07:53:11'),
	(1722185644,'01900900105712',64,'2009-11-19 07:53:11','2009-11-19 07:53:11'),
	(1728726043,'01240248315712',44,'2009-11-19 07:53:11','2009-11-19 07:53:11'),
	(1729635553,'01234528105712',61,'2009-11-19 07:53:11','2009-11-19 07:53:11'),
	(1730560269,'01401400105712',62,'2009-11-19 07:53:11','2009-11-19 07:53:11'),
	(1731469815,'01373810105712',66,'2009-11-19 07:53:11','2009-11-19 07:53:11'),
	(1732390344,'01561562725712',26,'2009-11-19 07:53:11','2009-11-19 07:53:11'),
	(1733315892,'01374560275712',66,'2009-11-19 07:53:11','2009-11-19 07:53:11'),
	(1734614427,'01192830595712',67,'2009-11-19 07:53:11','2009-11-19 07:53:11'),
	(1750847437,'01232610125712',61,'2009-11-19 07:53:11','2009-11-19 07:53:11'),
	(1752145766,'01250090105712',41,'2009-11-19 07:53:11','2009-11-19 07:53:11'),
	(1771677178,'01384450105712',11,'2009-11-19 07:53:11','2009-11-19 07:53:11'),
	(1773008211,'01403815105712',62,'2009-11-19 07:53:11','2009-11-19 07:53:11'),
	(1774163369,'01313811105712',14,'2009-11-19 07:53:11','2009-11-19 07:53:11'),
	(1775356969,'01250060315712',41,'2009-11-19 07:53:11','2009-11-19 07:53:11'),
	(1778721835,'01192830395712',67,'2009-11-19 07:53:11','2009-11-19 07:53:11'),
	(1781080381,'01681400275712',32,'2009-11-19 07:53:11','2009-11-19 07:53:11'),
	(1782268359,'01561560725712',26,'2009-11-19 07:53:11','2009-11-19 07:53:11'),
	(1784622338,'01204990105712',7,'2009-11-19 07:53:11','2009-11-19 07:53:11'),
	(1804543951,'01230000215712',61,'2009-11-19 07:53:11','2009-11-19 07:53:11'),
	(1805469493,'01470250405712',36,'2009-11-19 07:53:11','2009-11-19 07:53:11'),
	(1826009983,'01011010715712',13,'2009-11-19 07:53:11','2009-11-19 07:53:11'),
	(1826808792,'01533990215712',63,'2009-11-19 07:53:11','2009-11-19 07:53:11'),
	(1827701548,'01353810105712',21,'2009-11-19 07:53:11','2009-11-19 07:53:11'),
	(1830082888,'01220350105712',46,'2009-11-19 07:53:11','2009-11-19 07:53:11'),
	(1832053019,'01244560105712',44,'2009-11-19 07:53:11','2009-11-19 07:53:11'),
	(1833231654,'01805690225712',30,'2009-11-19 07:53:11','2009-11-19 07:53:11'),
	(1834386910,'01610000315712',53,'2009-11-19 07:53:11','2009-11-19 07:53:11'),
	(1835589682,'01171170215712',40,'2009-11-19 07:53:11','2009-11-19 07:53:11'),
	(1854934310,'01420000315712',50,'2009-11-19 07:53:11','2009-11-19 07:53:11'),
	(1858089292,'01021020575712',65,'2009-11-19 07:53:11','2009-11-19 07:53:11'),
	(1859277232,'01533810215712',63,'2009-11-19 07:53:11','2009-11-19 07:53:11'),
	(1862425469,'01323815105712',49,'2009-11-19 07:53:11','2009-11-19 07:53:11'),
	(1863334791,'01102300815712',47,'2009-11-19 07:53:11','2009-11-19 07:53:11'),
	(1887605947,'01201410275712',7,'2009-11-19 07:53:11','2009-11-19 07:53:11'),
	(1889838312,'01173700275712',40,'2009-11-19 07:53:11','2009-11-19 07:53:11'),
	(1891025940,'01202555115712',7,'2009-11-19 07:53:11','2009-11-19 07:53:11'),
	(1892351338,'01240045365712',44,'2009-11-19 07:53:11','2009-11-19 07:53:11'),
	(1900084876,'01230000275712',61,'2009-11-19 07:53:11','2009-11-19 07:53:11'),
	(1902563039,'01260000105712',31,'2009-11-19 07:53:11','2009-11-19 07:53:11'),
	(1903472165,'01081080775712',39,'2009-11-19 07:53:11','2009-11-19 07:53:11'),
	(1921414772,'01373810275712',66,'2009-11-19 07:53:11','2009-11-19 07:53:11'),
	(1922307728,'01724398105712',60,'2009-11-19 07:53:11','2009-11-19 07:53:11'),
	(1930196370,'01181180725712',34,'2009-11-19 07:53:11','2009-11-19 07:53:11'),
	(1931505798,'01634563215712',25,'2009-11-19 07:53:11','2009-11-19 07:53:11'),
	(1932660862,'01610000275712',53,'2009-11-19 07:53:11','2009-11-19 07:53:11'),
	(1947199497,'01171581215712',40,'2009-11-19 07:53:11','2009-11-19 07:53:11'),
	(1950070946,'01561520715712',26,'2009-11-19 07:53:11','2009-11-19 07:53:11'),
	(1951249567,'01724130725712',60,'2009-11-19 07:53:11','2009-11-19 07:53:11'),
	(1952437349,'01620000315712',53,'2009-11-19 07:53:11','2009-11-19 07:53:11'),
	(1952559497,'01174910315712',40,'2009-11-19 07:53:11','2009-11-19 07:53:11'),
	(1976402494,'01310270105712',14,'2009-11-19 07:53:11','2009-11-19 07:53:11'),
	(1978380909,'01533990105712',63,'2009-11-19 07:53:11','2009-11-19 07:53:11'),
	(1979306647,'01254508245712',41,'2009-11-19 07:53:11','2009-11-19 07:53:11'),
	(1980435142,'01021020725712',65,'2009-11-19 07:53:11','2009-11-19 07:53:11'),
	(1981377086,'01521520305712',58,'2009-11-19 07:53:11','2009-11-19 07:53:11'),
	(2005613671,'01383810105712',11,'2009-11-19 07:53:11','2009-11-19 07:53:11'),
	(2009686257,'01282610125712',20,'2009-11-19 07:53:11','2009-11-19 07:53:11'),
	(2010841099,'01272610125712',42,'2009-11-19 07:53:11','2009-11-19 07:53:11'),
	(2028261981,'01381390335712',11,'2009-11-19 07:53:11','2009-11-19 07:53:11'),
	(2029433511,'01220000335712',46,'2009-11-19 07:53:11','2009-11-19 07:53:11'),
	(2032580716,'01224920105712',46,'2009-11-19 07:53:11','2009-11-19 07:53:11'),
	(2033506448,'01173552105712',40,'2009-11-19 07:53:11','2009-11-19 07:53:11'),
	(2034422959,'01400000315712',62,'2009-11-19 07:53:11','2009-11-19 07:53:11'),
	(2035332181,'01352610125712',21,'2009-11-19 07:53:11','2009-11-19 07:53:11'),
	(2037305785,'01250000335712',41,'2009-11-19 07:53:11','2009-11-19 07:53:11'),
	(2038214979,'01240000105712',44,'2009-11-19 07:53:11','2009-11-19 07:53:11'),
	(2059024827,'01192830215712',67,'2009-11-19 07:53:11','2009-11-19 07:53:11'),
	(2059796673,'01324237105712',49,'2009-11-19 07:53:11','2009-11-19 07:53:11'),
	(2060738619,'01200010245712',7,'2009-11-19 07:53:11','2009-11-19 07:53:11'),
	(2063887096,'01201400275712',7,'2009-11-19 07:53:11','2009-11-19 07:53:11'),
	(2065041932,'01382575115712',11,'2009-11-19 07:53:11','2009-11-19 07:53:11'),
	(2066758239,'01383811105712',11,'2009-11-19 07:53:11','2009-11-19 07:53:11'),
	(2087300847,'01200000345712',7,'2009-11-19 07:53:11','2009-11-19 07:53:11'),
	(2088488469,'01250280105712',41,'2009-11-19 07:53:11','2009-11-19 07:53:11'),
	(2108409050,'01251400105712',41,'2009-11-19 07:53:11','2009-11-19 07:53:11'),
	(2109318178,'01151150725712',23,'2009-11-19 07:53:11','2009-11-19 07:53:11'),
	(2113665204,'01820000105712',35,'2009-11-19 07:53:11','2009-11-19 07:53:11'),
	(2114131360,'01241400105712',44,'2009-11-19 07:53:11','2009-11-19 07:53:11'),
	(2115073372,'01230280105712',61,'2009-11-19 07:53:11','2009-11-19 07:53:11'),
	(2117013688,'01401400275712',62,'2009-11-19 07:53:11','2009-11-19 07:53:11'),
	(2117955660,'01371400275712',66,'2009-11-19 07:53:11','2009-11-19 07:53:11'),
	(2118876275,'01244750275712',44,'2009-11-19 07:53:11','2009-11-19 07:53:11'),
	(2119769225,'01061660725712',15,'2009-11-19 07:53:11','2009-11-19 07:53:11'),
	(2122263770,'01161160215712',24,'2009-11-19 07:53:11','2009-11-19 07:53:11'),
	(2139690566,'01444990105712',43,'2009-11-19 07:53:11','2009-11-19 07:53:11'),
	(2140894910,'01521582305712',58,'2009-11-19 07:53:11','2009-11-19 07:53:11'),
	(2143110893,'01724398725712',60,'2009-11-19 07:53:11','2009-11-19 07:53:11'),
	(2143110895,'01461630275712',NULL,'2009-12-28 17:53:10','2009-12-28 17:53:10'),
	(2143110896,'01244560105712',NULL,'2009-12-28 21:41:55','2009-12-28 21:41:55'),
	(2143110897,'01244560105712',NULL,'2010-01-04 15:55:49','2010-01-04 15:55:49'),
	(2143110898,'01210250404320',NULL,'2010-01-04 16:20:28','2010-01-04 16:20:28'),
	(2143110899,'010410407257125',NULL,'2010-01-04 18:07:57','2010-01-04 18:07:57'),
	(2143110900,'01211400275910',NULL,'2010-01-04 21:05:52','2010-01-04 21:05:52'),
	(2143110901,'01173810105712',23,'2010-01-05 22:50:55','2010-01-05 22:50:55'),
	(2143110902,'conservatory ac',NULL,'2010-01-05 23:24:45','2010-01-05 23:24:45'),
	(2143110903,'01340060104310',NULL,'2010-01-05 23:34:28','2010-01-05 23:34:28'),
	(2143110904,'01314560105712',14,'2010-01-06 00:17:00','2010-01-06 00:17:00'),
	(2143110906,'01173710215712',23,'2010-01-07 17:43:23','2010-01-07 17:43:23');

/*!40000 ALTER TABLE `accounts` ENABLE KEYS */;
UNLOCK TABLES;


# Dump of table departments
# ------------------------------------------------------------

DROP TABLE IF EXISTS `departments`;

CREATE TABLE `departments` (
  `id` int(11) NOT NULL AUTO_INCREMENT,
  `name` varchar(255) DEFAULT NULL,
  `created_at` datetime DEFAULT NULL,
  `updated_at` datetime DEFAULT NULL,
  PRIMARY KEY (`id`)
) ENGINE=InnoDB AUTO_INCREMENT=80 DEFAULT CHARSET=utf8;

LOCK TABLES `departments` WRITE;
/*!40000 ALTER TABLE `departments` DISABLE KEYS */;
INSERT INTO `departments` (`id`,`name`,`created_at`,`updated_at`)
VALUES
	(1,'ACCOUNTING','2009-11-19 07:53:15','2009-11-19 07:53:15'),
	(2,'ADMIN','2009-11-19 07:53:15','2009-11-19 07:53:15'),
	(3,'ADULT ED','2009-11-19 07:53:15','2009-11-19 07:53:15'),
	(4,'AFSCME','2009-11-19 07:53:15','2009-11-19 07:53:15'),
	(5,'ALT ED','2009-11-19 07:53:15','2009-11-19 07:53:15'),
	(6,'ALTA','2009-11-19 07:53:15','2009-11-19 07:53:15'),
	(7,'ANAHEIM','2009-11-19 07:53:15','2009-11-19 07:53:15'),
	(8,'ANAHEIM PUBLIC LIBRARY','2009-11-19 07:53:15','2009-11-19 07:53:15'),
	(9,'ATHLETICS','2009-11-19 07:53:15','2009-11-19 07:53:15'),
	(10,'AUDIO VISUAL DEPT','2009-11-19 07:53:15','2009-11-19 07:53:15'),
	(11,'BALL','2009-11-19 07:53:15','2009-11-19 07:53:15'),
	(12,'BAND SPECTACULAR','2009-11-19 07:53:15','2009-11-19 07:53:15'),
	(13,'BOARD OF TRUSTEES','2009-11-19 07:53:15','2009-11-19 07:53:15'),
	(14,'BROOKHURST','2009-11-19 07:53:15','2009-11-19 07:53:15'),
	(15,'BUSINESS','2009-11-19 07:53:15','2009-11-19 07:53:15'),
	(16,'CENTRALIA SCHOOL DISTRICT','2009-11-19 07:53:15','2009-11-19 07:53:15'),
	(17,'COMMUNITY DAY SCHOOL','2009-11-19 07:53:15','2009-11-19 07:53:15'),
	(18,'CSADA','2009-11-19 07:53:15','2009-11-19 07:53:15'),
	(19,'CSEA','2009-11-19 07:53:15','2009-11-19 07:53:15'),
	(20,'CYPRESS','2009-11-19 07:53:15','2009-11-19 07:53:15'),
	(21,'DALE','2009-11-19 07:53:15','2009-11-19 07:53:15'),
	(22,'DISTRICT HONOR BAND','2009-11-19 07:53:15','2009-11-19 07:53:15'),
	(23,'EDUCATION DIV','2009-11-19 07:53:15','2009-11-19 07:53:15'),
	(24,'EDUCATIONAL RESOURCES','2009-11-19 07:53:15','2009-11-19 07:53:15'),
	(25,'ELDTRIDENT','2009-11-19 07:53:15','2009-11-19 07:53:15'),
	(26,'FACILITIES','2009-11-19 07:53:15','2009-11-19 07:53:15'),
	(27,'FBLA','2009-11-19 07:53:15','2009-11-19 07:53:15'),
	(28,'FOOD SERVICE','2009-11-19 07:53:15','2009-11-19 07:53:15'),
	(29,'GARAGE','2009-11-19 07:53:15','2009-11-19 07:53:15'),
	(30,'GASELPA','2009-11-19 07:53:15','2009-11-19 07:53:15'),
	(31,'GILBERT EAST','2009-11-19 07:53:15','2009-11-19 07:53:15'),
	(32,'GILBERT SOUTH','2009-11-19 07:53:15','2009-11-19 07:53:15'),
	(33,'GILBERT WEST','2009-11-19 07:53:15','2009-11-19 07:53:15'),
	(34,'GRAPHIC ARTS','2009-11-19 07:53:15','2009-11-19 07:53:15'),
	(35,'HOME STUDIES','2009-11-19 07:53:15','2009-11-19 07:53:15'),
	(36,'HOPE','2009-11-19 07:53:15','2009-11-19 07:53:15'),
	(37,'HRCERT','2009-11-19 07:53:15','2009-11-19 07:53:15'),
	(38,'HRCLASS','2009-11-19 07:53:15','2009-11-19 07:53:15'),
	(39,'INFO SYSTEMS','2009-11-19 07:53:15','2009-11-19 07:53:15'),
	(40,'INSTR SERV','2009-11-19 07:53:15','2009-11-19 07:53:15'),
	(41,'KATELLA','2009-11-19 07:53:15','2009-11-19 07:53:15'),
	(42,'KENNEDY','2009-11-19 07:53:15','2009-11-19 07:53:15'),
	(43,'LEXINGTON','2009-11-19 07:53:15','2009-11-19 07:53:15'),
	(44,'LOARA','2009-11-19 07:53:15','2009-11-19 07:53:15'),
	(45,'LOS ALAMITOS HIGH SCHOOL','2009-11-19 07:53:15','2009-11-19 07:53:15'),
	(46,'MAGNOLIA','2009-11-19 07:53:15','2009-11-19 07:53:15'),
	(47,'MAINTENANCE','2009-11-19 07:53:15','2009-11-19 07:53:15'),
	(48,'OCADA','2009-11-19 07:53:15','2009-11-19 07:53:15'),
	(49,'ORANGEVIEW','2009-11-19 07:53:15','2009-11-19 07:53:15'),
	(50,'OXFORD','2009-11-19 07:53:15','2009-11-19 07:53:15'),
	(51,'PAYROLL','2009-11-19 07:53:15','2009-11-19 07:53:15'),
	(52,'PERSONAL','2009-11-19 07:53:15','2009-11-19 07:53:15'),
	(53,'POLARIS','2009-11-19 07:53:15','2009-11-19 07:53:15'),
	(54,'PREP SPORTS','2009-11-19 07:53:15','2009-11-19 07:53:15'),
	(55,'PROF DEV','2009-11-19 07:53:15','2009-11-19 07:53:15'),
	(56,'PUBLIC INFO OFFICE','2009-11-19 07:53:15','2009-11-19 07:53:15'),
	(57,'PURCHASING','2009-11-19 07:53:15','2009-11-19 07:53:15'),
	(58,'RESEARCH  EVALUATION','2009-11-19 07:53:15','2009-11-19 07:53:15'),
	(59,'RISK MGMT','2009-11-19 07:53:15','2009-11-19 07:53:15'),
	(60,'SAFE SCHOOLS','2009-11-19 07:53:15','2009-11-19 07:53:15'),
	(61,'SAVANNA','2009-11-19 07:53:15','2009-11-19 07:53:15'),
	(62,'SOUTH','2009-11-19 07:53:15','2009-11-19 07:53:15'),
	(63,'SPECIAL PROGRAMS','2009-11-19 07:53:15','2009-11-19 07:53:15'),
	(64,'SUMMER SCHOOL','2009-11-19 07:53:15','2009-11-19 07:53:15'),
	(65,'SUPERINTENDENT','2009-11-19 07:53:15','2009-11-19 07:53:15'),
	(66,'SYCAMORE','2009-11-19 07:53:15','2009-11-19 07:53:15'),
	(67,'SYS','2009-11-19 07:53:15','2009-11-19 07:53:15'),
	(68,'TIGER WOODS FOUNDATION','2009-11-19 07:53:15','2009-11-19 07:53:15'),
	(69,'TRANSPORTATION','2009-11-19 07:53:15','2009-11-19 07:53:15'),
	(70,'VISTA','2009-11-19 07:53:15','2009-11-19 07:53:15'),
	(71,'WALKER','2009-11-19 07:53:15','2009-11-19 07:53:15'),
	(72,'WAREHOUSE','2009-11-19 07:53:15','2009-11-19 07:53:15'),
	(73,'WESTERN ','2009-11-19 07:53:15','2009-11-19 07:53:15'),
	(77,'AVID','2009-12-28 18:11:00','2009-12-28 18:11:00'),
	(79,'ENGLISH','2010-01-06 22:08:50','2010-01-06 22:08:50');

/*!40000 ALTER TABLE `departments` ENABLE KEYS */;
UNLOCK TABLES;


# Dump of table jobs
# ------------------------------------------------------------

DROP TABLE IF EXISTS `jobs`;

CREATE TABLE `jobs` (
  `id` int(11) NOT NULL AUTO_INCREMENT,
  `name` varchar(255) DEFAULT NULL,
  `description` text,
  `due_date` date DEFAULT NULL,
  `due_time` time DEFAULT NULL,
  `submit_date` date DEFAULT NULL,
  `ordered_by` varchar(255) DEFAULT NULL,
  `input_person` varchar(255) DEFAULT NULL,
  `auth_sig` tinyint(1) DEFAULT NULL,
  `department_id` int(11) DEFAULT NULL,
  `account_id` int(11) DEFAULT NULL,
  `created_at` datetime DEFAULT NULL,
  `updated_at` datetime DEFAULT NULL,
  `received_date` date DEFAULT NULL,
  `ticket` varchar(255) DEFAULT NULL,
  `workflow_id` int(11) DEFAULT NULL,
  `completed` tinyint(1) DEFAULT NULL,
  `due` datetime DEFAULT NULL,
  `task_id` int(11) DEFAULT NULL,
  `total_cost` decimal(9,2) DEFAULT NULL,
  PRIMARY KEY (`id`)
) ENGINE=InnoDB AUTO_INCREMENT=400 DEFAULT CHARSET=utf8;

LOCK TABLES `jobs` WRITE;
/*!40000 ALTER TABLE `jobs` DISABLE KEYS */;
INSERT INTO `jobs` (`id`,`name`,`description`,`due_date`,`due_time`,`submit_date`,`ordered_by`,`input_person`,`auth_sig`,`department_id`,`account_id`,`created_at`,`updated_at`,`received_date`,`ticket`,`workflow_id`,`completed`,`due`,`task_id`,`total_cost`)
VALUES
	(112,'Detention Assignment','Detention slip for Cypress High\r\n\r\n3partNCR\r\n\r\n8.5 x 11 for the copier\r\n\r\n4000 copies\r\n\r\n/Volumes/Uno/Bank/Schools/Senior/Cypress/Forms/Detention Assignment.qxp','2009-11-12','17:53:00','2009-10-28','Joe Salda√±a','tindrum',1,20,NULL,'2009-11-12 17:56:17','2010-01-04 14:50:33','2009-11-09','',162,1,'2009-11-12 17:53:00',1,NULL),
	(113,'Business Card - Haig','Dan,\r\n\r\n\r\n\r\nCould you make some business cards for this gentleman for me. They need 200. Let me know when they can be done, please?\r\n\r\n\r\n\r\nHaig Diribe\r\n\r\nAssistant Principal\r\n\r\n\r\n\r\nLoara High School\r\n\r\n1765 West Cerritos Avenue\r\n\r\nAnaheim, Ca 92804-6198\r\n\r\n714-999-3711 Fax 714-999-3703\r\n\r\nDiribe_h@auhsd.us\r\n\r\n\r\n\r\nvia email\r\n\r\n\r\n\r\n1234','2009-11-18','18:11:00','2009-11-06','Becky Scott','tindrum',0,44,NULL,'2009-11-12 18:15:05','2010-01-04 14:50:33','2009-11-06','',166,1,'2009-11-18 18:11:00',1,NULL),
	(114,'Band Spectacular Program','/Volumes/Uno/Bank/Departments/Band Spectacular/Program 2009/Band_Program_09.qxp\r\n\r\n\r\n\r\ncolor=red\r\n\r\n','2009-11-11','08:00:00','2009-10-15','Ken Nease','dnramsay',1,12,NULL,'2009-11-12 18:51:59','2010-01-04 14:50:34','2009-10-15','',170,1,'2009-11-11 08:00:00',1,NULL),
	(116,'Certificates','named certs go on red border\r\n\r\n\r\n\r\n128 names','2009-11-12','21:39:00','2009-11-12','','tindrum',0,12,NULL,'2009-11-12 21:40:25','2010-01-04 14:50:34','2009-11-12','',174,1,'2009-11-12 21:39:00',1,NULL),
	(117,'Business Card - Baumeister','business card\r\n\r\n500 cards\r\n\r\nsingle sided','2009-11-15','22:29:00','2009-11-03','D. E. Baumeister','tindrum',1,60,NULL,'2009-11-12 22:31:39','2010-01-04 14:50:34','2009-11-12','',178,1,'2009-11-15 22:29:00',1,NULL),
	(118,'Play Tickets','numbered tickets\r\n\r\ntwo nights, different color each night\r\n\r\nThursday = Gamma Green\r\n\r\nFriday = Re-entry Red\r\n\r\ncard stock\r\n\r\nnumbered #1-150\r\n\r\n\r\n\r\nMr. Henderson:\r\n\r\n \r\n\r\nHere is the info you requested.  The tickets should have this information:\r\n\r\n \r\n\r\nSycamore Junior High Drama presents\r\n\r\n`The Reform of Benjamin Scrimp`\r\n\r\nThursday December 10, 2009-7:30 p.m.\r\n\r\nSycamore cafetorium\r\n\r\nDonation: $2.00\r\n\r\n /Volumes/Uno/Bank/Schools/Junior/Sycamore/Tickets/ReformOfBen#s.qxp\r\n\r\nThe ticket for Friday night reads the same except for the date change (Friday December 11, 2009)\r\n\r\n \r\n\r\nThursday tickets printed on Gamma green card stock\r\n\r\nFriday tickets printed on Re-entry red card stock\r\n\r\nPlease number the tickets: 1-150 for each night.\r\n\r\nThanks,\r\n\r\nDavid Bruce\r\n\r\nSycamore drama','2009-11-17','11:00:00','2009-11-12','David Bruce','tindrum',1,66,NULL,'2009-11-12 22:35:01','2010-01-04 14:50:35','2009-11-12','',182,1,'2009-11-17 11:00:00',1,NULL),
	(119,'Business Cards','4 names\r\n\r\none sided\r\n\r\n250 each','2010-01-04','22:35:00','2009-11-12','Gilbert','tindrum',1,62,NULL,'2009-11-12 22:36:38','2010-01-04 14:50:35','2009-11-12','',186,1,'2010-01-04 22:35:00',1,NULL),
	(120,'Tickets - several events','Completed 3 tickets already as of Nov 12, 2009\r\n\r\nNext event: Sweetheart Ball\r\n\r\nFeb 11, 2010\r\n\r\nNext event: Sadie\r\n\r\nApr 14, 2010\r\n\r\nNext event: Eighth Grade Party\r\n\r\nJune 16, 2010\r\n\r\n','2010-01-04','22:37:00','2009-09-08','Pete Nichols','tindrum',1,66,NULL,'2009-11-12 22:40:37','2010-01-04 14:50:36','2009-09-08','',187,0,'2010-01-04 22:37:00',2,NULL),
	(122,'TheTest2.psd','Poster /Volumes/Uno/Bank/Schools/Senior/Savanna/Posters/TheTest/TheTest2.pdf','2009-11-13','19:37:00','2009-11-12','Elizabeth King','dnramsay',1,61,NULL,'2009-11-13 00:57:42','2010-01-04 14:50:36','2009-11-12','',195,1,'2009-11-13 19:37:00',1,NULL),
	(123,'Talent Zone Poster','I need 100 11x17 posters at the special cost?  the eye should be colored, and possibly the title and school(red). I will drop-off paper work today. Can I get them ASAP, our show is next week and I just got this from my student.\r\n\r\n\r\n\r\nThank you,\r\n\r\nSharon King\r\n\r\nAnaheim Drama \r\n\r\n\r\n\r\n/Volumes/Uno/Bank/Schools/Senior/Anaheim/Posters/Talent Zone\r\n\r\n\r\n\r\n10:35 am 2009-11-13: sent proof, customer said it\'s the wrong thing. is going to re-send me the right thing','2009-11-16','18:37:00','2009-11-13','','tindrum',0,7,NULL,'2009-11-13 17:52:38','2010-01-04 14:50:36','2009-11-13','',198,1,'2009-11-16 18:37:00',1,NULL),
	(124,'Detention Hall Slip','1/4 letter size\r\n\r\nnumbered 100-1000\r\n\r\nNCR 3 part\r\n\r\n\r\n\r\n/Volumes/Uno/Bank/Schools/Senior/Kennedy/Forms/DetentionHall.qxp\r\n\r\n\r\n\r\nthis is the numbering command, with a test range of numbers (1 to 20). Test it, check with john, rinse, repeat.\r\n\r\ntorp -u 4 -r 1001-2000 -q -p -b `#` -t -d  > out.txt\r\n\r\nI forward numbered them instead, took out the -v\r\n\r\n\r\n\r\nLooks good, all black is fine, could we highlight or make the parent contacted stand out a little, if not that is ok....and starting numbering with 1000 is no problem....You are awesome, Yousef says it is a go with him too!\r\n\r\n\r\n\r\nThanks\r\n\r\nSharon ','2009-11-12','23:11:00','2009-11-04','Nasouf','tindrum',1,42,NULL,'2009-11-13 20:19:45','2010-01-04 14:50:42','2009-11-13','',202,1,'2009-11-12 23:11:00',1,NULL),
	(125,'Way To Go card','5.5x4.5   4 up\r\n\r\ngold cardstock\r\n\r\n200 copies\r\n\r\n/Volumes/Uno/Bank/Schools/Senior/Loara/Cards/WayToGo.qxp','2009-11-20','00:00:00','2009-11-10','Dotan (Staff Club)','tindrum',1,44,NULL,'2009-11-13 20:24:05','2010-01-04 14:50:38','2009-11-13','',206,1,'2009-11-20 00:00:00',1,NULL),
	(127,'HomeVisit.qxp','/Volumes/Uno/Bank/Departments/Safe Schools/Cards/HomeVisit.qxp\r\n\r\n\r\n\r\n5x8 two sided \r\n\r\norange card stock','2009-11-19','21:20:00','2009-11-12','Don Baumeister  999-3791','dnramsay',1,60,NULL,'2009-11-13 21:35:56','2010-01-04 14:50:42','2009-11-12','',211,1,'2009-11-19 21:20:00',1,NULL),
	(128,'Advisory Topics Poster','17 1/2 x 22 1/2\r\n\r\nBlack and White\r\n\r\n50 quantity\r\n\r\n/Volumes/Uno/Bank/Schools/Junior/Dale/Posters/AdvisoryTopics.qxp\r\n\r\n\r\nneeded to run the pdf in photoshop  \r\n\r\n/Volumes/Uno/Bank/Schools/Junior/Dale/Posters/Advisory Topics/AdvisoryTopicsB&W_poster.pdf\r\n\r\nin order to get the dots to print. ','2009-12-01','18:24:00','2009-11-11','G. Carpenter','tindrum',1,21,240616643,'2009-11-16 18:22:44','2010-01-04 14:50:46','2009-11-16','48505',215,0,'2009-12-01 18:24:00',4,NULL),
	(129,'Letterhead','1000 quantity\r\n\r\nregular letterhead for lexington','2009-12-01','18:50:00','2009-11-13','Ellen Peters','tindrum',1,43,NULL,'2009-11-16 18:24:36','2010-01-04 14:50:39','2009-11-16','',218,0,'2009-12-01 18:50:00',4,NULL),
	(130,'Walker Masthead','Design and pre-print Principal\'s newsletter\r\n\r\n1400 + 3X Printing\r\n\r\n\r\n\r\nmake it an even 5000','2010-01-20','09:55:00','2009-05-22','Goldsberry','tindrum',1,71,NULL,'2009-11-16 18:27:40','2010-01-04 14:50:40','2009-11-16','484500',222,0,'2010-01-20 09:55:00',4,NULL),
	(131,'#9 envelopes','3000 quantity','2009-10-30','18:32:00','2009-10-12','Adriana','tindrum',1,28,NULL,'2009-11-16 18:30:39','2010-01-04 14:50:40','2009-11-16','',225,0,'2009-10-30 18:32:00',4,NULL),
	(132,'Return Adr. Envelope','AUHSD - Cypress High School return address envelope\r\n\r\n\r\n\r\n3000 (6 boxes)\r\n\r\n\r\n\r\nReturn envelopes #10','2009-10-15','18:35:00','2009-09-28','Ken Gompert','tindrum',1,20,NULL,'2009-11-16 18:32:12','2010-01-04 14:50:40','2009-11-16','',233,0,'2009-10-15 18:35:00',4,NULL),
	(133,'Letter Size Envelopes','Letter Size envelopes w/ return address\r\n\r\n\r\n\r\n2000 quantity\r\n\r\n\r\n\r\n(check account number, it\'s crossed off)\r\n\r\n/Volumes/Uno/0a ED/No10_ReturnAddress_Savanna.pdf','2009-11-10','17:49:00','2009-11-03','L. Cruz','tindrum',1,61,NULL,'2009-11-16 18:34:20','2010-01-04 14:50:41','2009-11-16','',235,0,'2009-11-10 17:49:00',7,NULL),
	(134,'Stamped Envelopes','2 box Stamped Envelop w/ return address','2009-10-06','17:47:00','2009-11-02','L. Blain','tindrum',1,32,NULL,'2009-11-16 18:35:38','2010-01-04 14:50:40','2009-11-16','',230,0,'2009-10-06 17:47:00',4,NULL),
	(135,'Letterhead','letterhead\r\n\r\n\r\n\r\nquan 500\r\n\r\n\r\n\r\n','2009-11-06','18:49:00','2009-11-02','Y. Mejia','tindrum',1,44,NULL,'2009-11-16 18:42:35','2010-01-04 14:50:41','2009-11-16','',237,0,'2009-11-06 18:49:00',4,NULL),
	(136,'Letterhead','see sample, use new blue beige logo\r\n\r\n\r\n\r\n4 reams','2009-11-16','18:50:00','2009-10-29','Marily Erkenbrack','tindrum',0,50,NULL,'2009-11-16 18:45:50','2010-01-04 14:50:42','2009-11-16','',241,1,'2009-11-16 18:50:00',1,NULL),
	(137,'Tickets-Winter Concert','3 different prices on 3 different colors\r\n\r\n$5 Adult - 800=white\r\n\r\n$7 Adult - 600=red\r\n\r\n$3 Kids   - 400=green','2009-11-30','15:00:00','2009-11-13','Scott Dominguez  x3736','dnramsay',1,7,NULL,'2009-11-16 22:37:08','2010-01-04 14:50:42','2009-11-16','',248,1,'2009-11-30 15:00:00',1,NULL),
	(138,'Parent-Student Handbook ','Gilbert HS West Registration','2009-11-30','22:46:00','2009-11-10','Javanshir  714-220-3093','dnramsay',0,33,NULL,'2009-11-16 22:45:12','2010-01-04 14:50:43','2009-11-16','',251,1,'2009-11-30 22:46:00',1,NULL),
	(139,'Athletic Awards','8.5 x11 \r\n\r\nblue and gold\r\n\r\n\r\n\r\npick-up\r\n\r\n\r\n\r\n/Volumes/Uno/Bank/Schools/Junior/Lexington/Certificates/Athletic_Award/Athletic_Award.qxp\r\n\r\n\r\n\r\nJob Ticket #48492','2009-11-30','21:53:00','2009-11-16','MJ Elliott   x4201','dnramsay',1,43,NULL,'2009-11-17 21:22:48','2010-01-04 14:50:43','2009-11-17','',257,1,'2009-11-30 21:53:00',1,NULL),
	(141,'Words Out Loud Program','Current version is at: \r\n\r\n/Volumes/Uno/Bank/Departments/Instructional Services/Spelling Bee/Nov_2008/SpellingBeeProgram_09.qxp\r\n\r\nPrint 100 copies in color\r\n\r\nHi Dan and Nadine,\r\n\r\nPlease start on updating the Words Out Loud program. I‚Äôll send in the work order for 100 copies.\r\nThanks,\r\nJackie\r\n\r\nFrom: Elliott, Jeanine\r\n\r\nSent: Wednesday, November 18, 2009 11:50 AM\r\n\r\nTo: Counts, Jackie\r\n\r\nSubject: Words Out Loud\r\n\r\nHi Jackie-\r\n\r\nI left a copy of the 2009 words on your desk this morning (Mary Torres said she would remind you to look for them).  I have attached an electronic copy of the program; I have not received any additional names and am very close to certain there will be no additional changes.  Please let me know if you have any questions or need anything else.  Thank you!\r\n\r\nJeanine ','2009-12-02','14:44:00',NULL,'Jackie Counts - 01173990105217','tindrum',1,40,NULL,'2009-11-18 22:38:49','2010-01-04 14:50:49','2009-11-18','',263,1,'2009-12-02 14:44:00',1,NULL),
	(142,'Business Card - Catuare','business card - BTSA','2009-12-02','15:45:00','2009-11-18','Darlene Catuare','tindrum',0,33,NULL,'2009-11-18 23:45:22','2010-01-04 14:50:44','2009-11-18','',266,1,'2009-12-02 15:45:00',1,NULL),
	(143,'Dist. Letterhead','want letterhead in color with *just* the address on it; no department name, no phone numbers. Address is the district office. See sample. Daniel Talked to connie on the phone, picked up sample.\r\n\r\n20 copies on color xerox','2009-11-30','12:46:00','2009-11-19','Connie Cobian','tindrum',0,65,NULL,'2009-11-19 16:28:03','2010-01-04 14:50:45','2009-11-19','',269,1,'2009-11-30 12:46:00',1,NULL),
	(145,'Flipbook Pads','Dana Sporn \r\nWestern\r\nanimation flipbook\r\n2.5 x 4','2009-12-04','08:00:00',NULL,'Dana Sporn','dnramsay',0,73,NULL,'2009-11-20 17:51:11','2010-01-04 14:50:45',NULL,'',274,1,'2009-12-04 08:00:00',1,NULL),
	(146,'Envelope','#10 stamped postage paid\r\n\r\nacct \r\n01472570115712\r\n\r\nIrma Ramirez','2009-11-23','15:24:00',NULL,'Irma Ramirez','tindrum',0,36,NULL,'2009-11-20 18:04:52','2010-01-04 14:50:45',NULL,'',275,0,'2009-11-23 15:24:00',2,NULL),
	(147,' Campus Map','/Volumes/Uno/Bank/Schools/Junior/Sycamore/Artwork/Maps/SYC_map_master.eps\r\n\r\nremove portables 57-61\r\n\r\nsend new pdf only.\r\n\r\nneed work order.','2009-11-22','14:41:00','2009-11-20','Dora Murillo','dnramsay',0,66,NULL,'2009-11-20 18:37:44','2010-01-04 14:50:45',NULL,'',279,1,'2009-11-22 14:41:00',1,NULL),
	(148,' Field show tournament','maps and other materials for the band field show tournament\r\n\r\nBrian Belski\r\n\r\nOutside billing to Boosters\r\n\r\nsingle sided, 1 items, 100 copies, color copies\r\n\r\n/Volumes/Uno/Bank/Schools/Senior/Savanna/Flyers/Savanna Tournament Grounds Map.pdf\r\n\r\nCalled him to tell him he needs to bring $30 for outside billing 714-220-4270','2009-11-20','12:49:00','2009-11-20','Brian Belski','tindrum',0,61,NULL,'2009-11-20 20:44:27','2010-01-04 14:50:45','2009-11-20','',281,1,'2009-11-20 12:49:00',1,NULL),
	(149,'Play Program','Scrimp Program_Rentry Red.pdf\r\nScrimp Program_Gamma Green.pdf\r\nin sycamore program folder\r\n\r\n11x17 folded quick copy. \r\ncover on card stock, as per title\r\ninside on white bond.\r\n\r\n','2009-12-09','15:20:00','2009-11-20','David Bruce','dnramsay',0,66,NULL,'2009-11-20 22:06:42','2010-01-04 14:50:46','2009-11-20','',284,1,'2009-12-09 15:20:00',1,NULL),
	(154,'Letterhead','/Volumes/Uno/Bank/Stationery/Letterhead/2006-Letterhead/2006_letterhead.qxp\r\n\r\n2 up\r\n\r\n1000 copies (500 impressions of 2 up)','2009-12-02','14:26:00','2009-11-19','Yolanda Mejia  x3708','dnramsay',0,44,NULL,'2009-11-24 22:15:37','2010-01-04 14:50:46','2009-11-24','',298,0,'2009-12-02 14:26:00',4,NULL),
	(155,' Checklist','250 copies of\r\n3 part NCR form\r\n\r\n/Volumes/Uno/Bank/Departments/Facilities/Facilities_Checklist08.qxp','2009-12-02','08:51:00','2009-11-25','T. Holcomb','tindrum',1,26,NULL,'2009-11-30 15:21:46','2010-01-04 14:50:47','2009-11-30','',302,1,'2009-12-02 08:51:00',1,NULL),
	(156,'Loara Choir Book','sample book provided\r\nRed cover, make back to back from his single sided sheets\r\n\r\nThree hole punch and staple in corner','2009-12-02','15:27:00','2009-11-30','David Rigsby','tindrum',1,44,NULL,'2009-11-30 16:33:38','2010-01-04 14:50:47','2009-11-30','',305,1,'2009-12-02 15:27:00',1,NULL),
	(157,'PIOS Behavioral Expectation Matrix','Western\r\n\r\nneeds logo removed from background and provided as separate layer for color\r\n\r\n/Volumes/Uno/Bank/Schools/Senior\r\n/Western/Posters/PIOS/PIOS.pdf\r\n\r\nThis pdf has been processed in Acro Pro, to put images on a separate layer. Hide that layer and print, to get the watermark out of there. The fonts were very unusable. ','2009-12-04','08:00:00','2009-11-19','M. Surfas','tindrum',1,73,NULL,'2009-11-30 21:22:37','2010-01-04 14:50:47','2009-11-30','48501',307,0,'2009-12-04 08:00:00',4,NULL),
	(159,'Winter Fest poster & tickets','Winter Fest poster and tickets\r\n\r\ntrim poster to black\r\n\r\nnumber tickets 001-300 and cut to size\r\n\r\n/Volumes/Uno/Bank/Schools/Senior/Loara/Posters/Loara Winter fest 2009.pdf','2009-12-04','08:30:00','2009-12-02','David Rigsby','tindrum',1,44,NULL,'2009-12-02 17:48:06','2010-01-04 14:50:48','2009-12-02','',314,1,'2009-12-04 08:30:00',1,NULL),
	(160,'Detention Hall Slip - Kennedy','torp -u 4 -r 2001-3001 -q -p -b `#` -t -d  > out.txt\r\n\r\n/Volumes/Uno/Bank/Schools/Senior/Kennedy/Forms/Detention Hall based on form 461/DetentionHall.qxp\r\n\r\n4 up ncr\r\n1000 forms','2009-12-04','14:12:00','2009-12-01','Nasouf','dnramsay',1,42,1278572322,'2009-12-02 22:30:53','2010-01-07 15:45:16','2009-12-02','',318,1,'2009-12-04 14:12:00',1,52.50),
	(161,'BC - Laura Gonzalez - 200','Hi Dan,\r\n\r\nThe business card info we need is below in blue. Please use the long email extension because that is the only one that works for her.\r\n\r\n \r\n\r\nLaura Gonzalez\r\n\r\nTransition Teacher\r\n\r\n \r\n\r\nAdult Education\r\n\r\n830 Dale Avenue\r\n\r\n714-296-3016\r\n\r\nFax 714-220-4081\r\n\r\nGonzalez_la@auhsd.k12.ca.us\r\n\r\n \r\n\r\nThe account number is:\r\n\r\n0119-2830-39-5712\r\n\r\n \r\n\r\nThanks for your help,\r\n\r\n \r\n\r\nJeannette Landgraf\r\n\r\nSenior Administrative Assistant\r\n\r\nSpecial Youth Services - AUHSD\r\n\r\n501 Crescent Way\r\n\r\nAnaheim, CA 92803-3520\r\n\r\n714-999-3527 * fax 714-999-0622\r\n','2009-12-04','08:50:00','2009-12-02','Jeannette Landgraf','tindrum',0,67,1778721835,'2009-12-03 16:56:14','2010-01-08 16:48:54','2009-12-03','',327,1,'2009-12-04 08:50:00',1,16.00),
	(162,'Lthd, eps, etc for Coach Danley','need quote from Eddie Coco for 1000 each','2009-12-16','11:44:00','2009-12-03','Dave Pooley','tindrum',0,NULL,NULL,'2009-12-03 19:45:58','2010-01-04 14:50:50','2009-12-03','',328,0,'2009-12-16 11:44:00',4,NULL),
	(163,'Basketball Tourney passes - Savanna','\"player\'s pass\"\r\n\"coach\'s pass\"\r\n\"tournament pass\"\r\n\"all tournement selection\"\r\n\r\nI need the following:\r\n/Volumes/Uno/Bank/Schools/Senior/Savanna/Tickets/Basketball Tourny/Players Pass 2009 - Avery 5163.pdf\r\n\"players pass\"\r\n-240 passes/cards\r\n-white card stock\r\n-print in color\r\n-cut\r\n-hole punch: on the 2009 - left side\r\n \r\n\"coach\'s pass\"\r\n/Volumes/Uno/Bank/Schools/Senior/Savanna/Tickets/Basketball Tourny/Coaches Pass 2009 - Avery 5163.pdf\r\n-66 passes/cards\r\n-white card stock\r\n-print in color\r\n-cut\r\n \r\n\"all tournament selection\"\r\n/Volumes/Uno/Bank/Schools/Senior/Savanna/Tickets/Basketball Tourny/All Tournament Selection.pdf\r\n-60 cards\r\n-white card stock\r\n-print in color\r\n-cut\r\n \r\n\"tournament pass\"\r\n/Volumes/Uno/Bank/Schools/Senior/Savanna/Tickets/Basketball Tourny/4 Day Tournament Pass - Avery 5.pdf\r\n-250 passes/cards\r\n-white card stock\r\n-print in color\r\n-cut\r\n\r\nwalach_c@auhsd.us\r\nSavanna High School\r\nPE Eqiupment Manager and Athletic Facilities Maint.\r\n(714) 220-4266 Phone/Fax\r\n','2009-12-16','12:52:00','2009-12-03','Cecile Walach','dnramsay',0,61,NULL,'2009-12-03 20:57:30','2010-01-04 14:50:50',NULL,'',332,1,'2009-12-16 12:52:00',1,NULL),
	(164,'Canned Food Dance','SOUPYY.jpg\r\n\r\nHoliday Special: 100 Color 11x17 and 500 color tickets\r\n\r\n/Volumes/Uno/Bank/Schools/Senior/Savanna/Posters/SOUPYY.jpg\r\n\r\n/Volumes/Uno/Bank/Schools/Senior/Savanna/Tickets/SoupyTix.qxp\r\nNumber 001-500 (rerun on 12-14-09\r\n\r\nemail sent requesting work order 12-04-09','2009-12-18','15:32:00','2009-12-03','Jon Hogencamp','dnramsay',1,61,NULL,'2009-12-04 00:00:47','2010-01-04 14:50:51',NULL,'',336,1,'2009-12-18 15:32:00',1,NULL),
	(165,'Class Rules Poster','8 posters\r\n','2009-12-11','13:09:00','2009-12-02','Kaye Crissey','dnramsay',0,73,NULL,'2009-12-07 21:13:42','2010-01-04 14:50:51','2009-12-07','',338,0,'2009-12-11 13:09:00',6,NULL),
	(166,'Note Pads','CDS Notepads\r\n50 pads of 100\r\nlooks like blue ink','2009-12-22','10:24:00','2009-12-04','M. Miller','tindrum',0,17,NULL,'2009-12-08 18:26:57','2010-01-04 14:50:51','2009-12-08','48509',340,0,'2009-12-22 10:24:00',4,NULL),
	(167,'Letterhead ','1000 (2 reams) requested','2009-12-14','11:23:00','2009-12-04','','dnramsay',0,20,NULL,'2009-12-08 19:27:50','2010-01-04 14:50:51','2009-12-08','45808',343,0,'2009-12-14 11:23:00',4,NULL),
	(168,'Winter Fest program','color cover, one sided\r\ninsides on regular paper','2009-12-10','14:30:00','2009-12-10','David Rigsby','tindrum',1,44,NULL,'2009-12-10 17:09:41','2010-01-04 14:50:52','2009-12-10','',348,1,'2009-12-10 14:30:00',1,NULL),
	(169,'Certificates - Words Out Loud','/Volumes/Uno/Bank/Departments/Instructional Services/Spelling Bee/Certificates/Words_Out_Loud_certs_09.qxp','2009-12-15','11:12:00','2009-12-10','Jackie Counts','dnramsay',1,40,1515847144,'2009-12-10 19:15:13','2010-01-04 14:50:52','2009-12-10','',351,1,'2009-12-15 11:12:00',1,NULL),
	(170,'Worksheets','','2009-12-14','15:09:00','2009-12-10','','Matt',0,66,996691613,'2009-12-10 23:11:16','2010-01-04 14:50:53','2009-12-10','',353,1,'2009-12-14 15:09:00',1,NULL),
	(171,'Handbooks','CP Student Handout & Student Handout & Double Sided, stapled','2009-12-14','15:14:00',NULL,'Rick Burns','Matt',0,44,NULL,'2009-12-10 23:16:06','2010-01-04 14:42:08',NULL,'',355,0,'2009-12-14 15:14:00',6,NULL),
	(175,'BC - Kimberly Rauch - 100','Kimberly Rauch\r\n\r\n100 BC','2009-12-23','13:35:00','2009-12-11','Sue Schacht - 999-1512','dnramsay',1,37,906183274,'2009-12-11 21:38:13','2010-01-07 22:57:02','2009-12-11','',371,1,'2009-12-23 13:35:00',1,14.00),
	(176,'#10 Eps - Kennedy','#10 Eps with return address and postage','2010-01-07','13:39:00','2009-12-09','K. Britton','dnramsay',1,42,NULL,'2009-12-11 21:44:24','2010-01-04 14:50:53','2009-12-11','',372,0,'2010-01-07 13:39:00',2,NULL),
	(177,'Loara - Instructional Materials','Instructional Materials - English\r\n45 copies of 51 originals\r\n8.5x11\r\nwhite paper\r\nb to b and single sided\r\ncollate/staple\r\nhole punch','2009-12-17','14:11:00','2009-12-11','G. Gullett x2206','dnramsay',1,44,646994672,'2009-12-11 22:15:04','2010-01-04 14:50:54','2009-12-11','',375,0,'2009-12-17 14:11:00',3,NULL),
	(178,'Theatre worksheets','Character makeup; character analysis; character costume worksheets\r\n\r\n250 copies of 3 separate originals\r\n\r\n8.5x11\r\n\r\nsingle sided\r\n\r\nhole punch','2009-12-16','15:00:00','2009-12-10','V. Montgomery','dnramsay',1,44,646994672,'2009-12-11 22:18:45','2010-01-05 18:58:27','2009-12-11','',380,1,'2009-12-16 23:00:00',1,21.22),
	(179,'Theatre worksheets - Loara','3 individual worksheets:\r\nscene/charager analysis\r\nquestionnaire\r\nblocking stage design\r\n\r\n250 copies of 3 back to back\r\nwhite paper\r\n\r\nhole punch','2009-12-16','15:00:00','2009-12-10','V. Montgomery','dnramsay',1,44,646994672,'2009-12-11 22:23:53','2010-01-05 17:42:50','2009-12-11','',383,1,'2009-12-16 15:00:00',1,NULL),
	(180,'Independent Studies - Biology Unit 4 packet','15 copies of 28 originals\r\n white paper\r\nback to back\r\ncollate/staple','2009-12-15','14:36:00','2009-12-10','Rasmussen x218','dnramsay',1,NULL,70590700,'2009-12-11 22:44:20','2010-01-04 14:50:55','2009-12-11','',384,0,'2009-12-15 14:36:00',3,NULL),
	(181,'English Materials','85 copies of 8 originals\r\nwhite paper\r\nsingle sided and back to back\r\ncollate/Staple\r\nhole punch','2009-12-17','14:44:00','2009-12-11','C. Gullett x2206','dnramsay',1,44,646994672,'2009-12-11 22:55:50','2010-01-04 14:50:55','2009-12-11','',387,0,'2009-12-17 14:44:00',3,NULL),
	(182,'Reading Challenge Flyer','900 copies of 1 original\r\n8.5x11\r\nastro bright lime green','2009-12-17','08:00:00','2009-12-11','Berry x2206','dnramsay',1,62,153624610,'2009-12-11 23:08:27','2010-01-05 20:16:10','2009-12-11','',393,1,'2009-12-17 08:00:00',1,21.60),
	(183,'Tutorial forms','Tutorial Peer Leader\r\nTutorial Request\r\n?? copies of 3 originals\r\nwhite & pink paper (see notes)\r\ncut \r\nhole punch','2009-12-18','08:00:00','2009-12-11','Stefani Boutcher','dnramsay',1,66,1544678373,'2009-12-11 23:13:44','2010-01-04 14:50:56','2009-12-11','',393,0,'2009-12-18 08:00:00',3,NULL),
	(184,'Tutorial forms - AVID','Tutorial Peer Leader\r\nTutorial Request\r\n?? copies of 3 originals\r\nwhite & pink paper (see notes)\r\ncut \r\nhole punch','2009-12-18','08:00:00','2009-12-11','Stefani Boutcher','dnramsay',1,66,1544678373,'2009-12-11 23:15:21','2010-01-04 14:50:56','2009-12-11','',396,0,'2009-12-18 08:00:00',3,NULL),
	(186,'BC - David Towne - 200','','2009-12-18','10:20:00','2009-12-02','David Towne','tindrum',1,7,13520999,'2009-12-14 18:23:02','2010-01-07 20:57:18','2009-12-09','',404,1,'2009-12-18 10:20:00',1,8.00),
	(187,'Envelopes','2 boxes Stamped Envelopes\r\n1000 total','2010-01-11','08:00:00','2009-12-11','Tricia Umlah','dnramsay',1,44,1617395716,'2009-12-14 22:13:45','2010-01-04 14:50:57','2009-12-14','',407,0,'2010-01-11 08:00:00',4,NULL),
	(188,'Notepad','10 notepads\r\n5.5x8.5\r\n','2010-01-20','14:14:00','2009-12-11','Jodie Wales x4201','dnramsay',1,43,1383982998,'2009-12-14 22:16:56','2010-01-04 14:50:57','2009-12-14','',409,0,'2010-01-20 14:14:00',3,NULL),
	(190,'Notepads','10 notepads\r\n5.5x8.5','2010-01-20','08:57:00','2009-12-11','Jodie Wales x4201','dnramsay',1,43,NULL,'2009-12-15 17:00:00','2010-01-04 14:50:58','2009-12-14','',416,0,'2010-01-20 08:57:00',3,NULL),
	(191,'Notepads','10 notepads\r\n5.5x8.5','2010-01-20','09:00:00','2009-12-11','Jodie Wales x4201','dnramsay',1,43,NULL,'2009-12-15 17:01:41','2010-01-04 14:50:58','2009-12-14','',418,0,'2010-01-20 09:00:00',3,NULL),
	(192,'Math Lesson II and Circles','900 lesson - back to back\r\n450 circle - single side - cut\r\n8.5x11\r\nFaceing\r\nFacing Math Lessons\r\n','2009-12-16','09:03:00','2009-12-14','Sue Carlson','dnramsay',1,66,577994716,'2009-12-15 17:11:52','2010-01-05 20:32:43','2009-12-14','',421,1,'2009-12-16 19:00:00',1,42.30),
	(193,'DNA Strand','190 copies of 6 originals\r\n8.5x11\r\nsingle sided\r\ncollate/staple','2009-12-15','09:17:00','2009-12-14','Natalie Johnson x120','dnramsay',1,66,577994716,'2009-12-15 17:39:31','2010-01-05 18:30:20','2009-12-14','',424,1,'2009-12-15 09:17:00',1,32.42),
	(194,'Budget Vocabulary Matrix','8.5x11\r\n1000 copies of 2 sides back to back\r\nhole punch','2010-01-08','09:39:00','2009-12-08','Jennifer O\'Hearn x144, 999-3616','dnramsay',1,66,577994716,'2009-12-15 17:43:47','2010-01-07 16:52:35','2009-12-14','',426,1,'2010-01-08 09:39:00',1,33.30),
	(195,'MissTake\'s April Challenge','100 copies of 5 originals\r\nlight pink (pastel)\r\nback to back\r\ncollate/staple \r\nhole punch','2010-01-08','09:44:00','2009-12-08','Jennifer O\'Hearn x144  999-3616','dnramsay',1,66,577994716,'2009-12-15 17:48:48','2010-01-07 16:51:57','2009-12-14','',429,1,'2010-01-08 09:44:00',1,13.15),
	(196,'MissTake\'s March  Challenge','ELA\r\n100 copies of 5 originals\r\nlight green\r\nback to back\r\ncollate/staple 1\r\nhole punch','2010-01-08','09:49:00','2009-12-08','Jennifer O\'Hearn x144  999-3616','dnramsay',1,66,700567864,'2009-12-15 17:52:35','2010-01-07 16:51:06','2009-12-14','',432,1,'2010-01-08 09:49:00',1,13.15),
	(197,'Practice Book','100 copies of 12 originals\r\nback to back\r\ncollate/staple 1\r\nhole punch','2010-01-08','10:07:00','2009-12-08','Jennifer O\'Hearn x144 999-3616','dnramsay',1,66,996691613,'2009-12-15 18:09:53','2010-01-04 14:51:00','2009-12-14','',433,0,'2010-01-08 10:07:00',3,NULL),
	(198,'Guided Reading Packet','100 copies of 15 originals\r\nback to back\r\nlight purple\r\nstaple 1\r\nhole punch\r\n','2010-01-08','10:10:00','2009-12-10','Jennifer O\'Hearn cx144 999-3616','dnramsay',1,66,577994716,'2009-12-15 18:12:46','2010-01-07 16:55:52','2009-12-14','',438,1,'2010-01-08 10:10:00',1,34.89),
	(199,'pHydrion','10 copies of 1 original\r\nColor Copy\r\nlaminate','2009-12-17','18:13:00','2009-12-11','Vu  x3663','dnramsay',1,11,1205719279,'2009-12-15 18:15:39','2010-01-05 21:06:17','2009-12-14','',441,1,'2009-12-17 18:13:00',1,5.27),
	(200,'Progress Report','1500 originals\r\n8.5x11\r\nback to back\r\nyellow paper','2010-01-08','08:16:00','2009-12-11','Tricia Umlah x3705','dnramsay',1,44,1617395716,'2009-12-15 18:20:15','2010-01-06 16:51:29','2009-12-14','',443,1,'2010-01-08 08:16:00',1,64.50),
	(201,'Various Worksheets','240 copies of 12 originals\r\n8.5x11\r\ncollate/staple\r\nhole punch','2009-11-11','11:03:00','2009-11-09','Bries x700','dnramsay',1,44,1832053019,'2009-12-15 19:07:02','2010-01-05 19:02:38','2009-12-14','',445,1,'2009-11-11 11:03:00',1,53.64),
	(202,'Vocabulary Chart 1930\'s','130 copies of 1 original\r\n8.5x11\r\nsingle side\r\nhole punch','2009-12-18','08:07:00','2009-12-14','Magcalas x220','dnramsay',1,44,1832053019,'2009-12-15 19:12:30','2010-01-05 22:31:34','2009-12-14','',447,1,'2009-12-18 08:07:00',1,3.64),
	(203,'Great Depression','130 copies of 2 originals\r\nback to back\r\nblue paper','2009-12-18','00:13:00','2009-12-14','Magcalas x220','dnramsay',1,44,1832053019,'2009-12-15 21:20:01','2010-01-05 22:43:04','2009-12-14','',449,1,'2009-12-18 00:13:00',1,5.59),
	(204,'Sick Economy','130 copies of 2 originals\r\n8.5x11\r\nback to back','2009-12-18','00:25:00','2009-12-14','Magcalas x220','dnramsay',1,44,1832053019,'2009-12-15 21:33:07','2010-01-05 21:36:29','2009-12-14','',451,1,'2009-12-18 00:25:00',1,4.29),
	(205,'Perfect Attendance Card','4.25x5.5\r\nneed new clipart\r\nnames in /Volumes/Uno/Bank/Departments/Human Resources/Both/Cards/Perfect Attend 08-09.xls\r\n\r\nbill HRcert & HRclass\r\n\r\n/Volumes/Uno/Bank/Departments/Human Resources/Both/Cards/PerfectAttendance.qxp','2009-12-18','20:02:00','2009-12-15','Shelley Durieux  x2576','dnramsay',1,37,NULL,'2009-12-15 22:04:55','2010-01-07 15:54:17','2009-12-15','',455,1,'2009-12-18 20:02:00',1,12.35),
	(206,'After School W/S  Eng & Span','/Volumes/Uno/Bank/Schools/Junior/South/Forms/After School Work Study Template 09-10 Spanish2.xls\r\n\r\n/Volumes/Uno/Bank/Schools/Junior/South/Forms/After School Work Study Template 09-10.xls\r\n\r\n2up 5.5x8.5   english & spanish one side\r\n\r\nprint 4000 8.5x11 3 part ncr','2010-01-08','14:05:00','2009-12-15','Cheryl','dnramsay',0,62,2117013688,'2009-12-15 22:19:28','2010-01-08 23:17:02','2009-12-15','',457,0,'2010-01-08 14:05:00',4,NULL),
	(207,'Burn Disks','Duplicate a Spelling Bee CD ROM, make 3 copies','2009-12-16','09:00:00','2009-12-16','Jeff Schofield','tindrum',0,NULL,NULL,'2009-12-16 16:46:44','2010-01-04 14:51:03','2009-12-16','',460,1,'2009-12-16 09:00:00',1,NULL),
	(210,'Baseball roster poster','large poster with player\'s names, done on the DesignJet. Still waiting for the boys\' names, got the girls\' names.','2009-12-18','10:54:00','2009-12-16','Jim Perez','tindrum',0,61,NULL,'2009-12-16 18:56:28','2010-01-07 20:24:22','2009-12-16','',469,0,'2009-12-18 10:54:00',6,NULL),
	(211,'Roosevelt and the New Deal','130 copies of 2 originals\r\nback to back','2009-12-18','10:56:00','2009-12-14','Magcalas','dnramsay',1,44,1832053019,'2009-12-16 18:58:40','2010-01-05 21:58:51','2009-12-14','',472,1,'2009-12-18 10:56:00',1,4.29),
	(212,'Sexual Harassment form','Title IX complaint forms (we need to be able to type on the form\r\n\r\n/Volumes/Uno/Bank/Departments/Human Resources/Certificated/Forms/Sexual Harassment Complaint/Sexual_Har.qxp','2009-12-30','12:00:00','2009-09-15','Sue Schacht','tindrum',1,37,906183274,'2009-12-16 20:36:54','2010-01-04 14:51:05',NULL,'',475,0,'2009-12-30 12:00:00',2,NULL),
	(213,'Impact Dep on AM','130 copies of 2 originals\r\nback to back\r\n','2009-12-18','09:43:00','2009-12-14','Magcalas','dnramsay',1,44,1832053019,'2009-12-18 18:41:00','2010-01-05 21:35:09','2009-12-15','',478,1,'2009-12-18 09:43:00',1,4.29),
	(214,'Causes of Great War','130 copies letter size single sided hole punch\r\nHistory Department','2009-12-18','10:00:00','2009-12-14','Jose Megcalas','tindrum',1,44,1832053019,'2009-12-22 17:39:40','2010-01-05 22:30:22','2009-12-22','',480,1,'2009-12-18 10:00:00',1,3.64),
	(215,'New Student Packets','714-999-7754\r\nNeed more new student packets, these quantities:\r\n100 eng\r\n100 span','2010-01-04','08:00:00','2009-12-22','Michelle Winton','tindrum',0,17,NULL,'2009-12-22 17:55:24','2010-01-07 18:29:35','2009-12-22','',481,0,'2010-01-04 08:00:00',6,NULL),
	(245,'Hoover Dep','130 copies letter size single sided hole punch\r\nHistory Department','2009-12-18','10:00:00','2009-12-14','Jose Megcalas','tindrum',1,44,1832053019,'2009-12-28 17:13:08','2010-01-05 22:32:15','2009-12-28','',531,1,'2009-12-18 10:00:00',1,3.64),
	(246,'Economic Indicator\'s Report Card','130 copies letter size single sided hole punch\r\nHistory Department','2009-12-18','10:00:00','2009-12-14','Jose Megcalas','tindrum',1,44,1832053019,'2009-12-28 17:16:23','2010-01-05 22:15:43','2009-12-15','',533,1,'2009-12-18 10:00:00',1,4.29),
	(247,'Under Bus Cycle','130 copies letter size single sided hole punch\r\nHistory Department','2009-12-18','10:00:00','2009-12-14','Jose Megcalas','tindrum',1,44,1832053019,'2009-12-28 17:19:19','2010-01-05 22:07:40','2009-12-28','',535,1,'2009-12-18 10:00:00',1,4.29),
	(248,'FDR First New Deal','130 copies letter size single sided hole punch\r\nHistory Department','2009-12-18','10:00:00','2009-12-14','Jose Megcalas','tindrum',1,44,1832053019,'2009-12-28 17:22:25','2010-01-05 22:28:07','2009-12-28','',537,1,'2009-12-18 10:00:00',1,4.29),
	(249,'Presidents seem depressing','130 copies of 2 originals\r\nback to back\r\nHistory Department','2009-12-18','10:56:00','2009-12-14','Magcalas','tindrum',1,44,1832053019,'2009-12-28 17:30:01','2010-01-05 22:29:34','2009-12-14','',540,1,'2009-12-18 10:56:00',1,4.29),
	(250,'Counselor Credit Card','150 copies','2009-12-24','10:56:00','2009-12-10','Magcalas','tindrum',1,33,NULL,'2009-12-28 17:33:42','2010-01-06 21:17:25','2009-12-14','',543,1,'2009-12-24 10:56:00',1,23.30),
	(252,'What D.B. Depression','130 copies of 2 originals\r\nHistory Department','2009-12-18','10:00:00','2009-12-14','Magcalas x220','tindrum',1,44,1832053019,'2009-12-28 17:46:02','2010-01-05 22:33:05','2009-12-28','',547,1,'2009-12-18 10:00:00',1,3.64),
	(253,'Unit 4','13 originals\r\n50 copies each','2009-12-24','09:50:00','2009-12-10','Cheng','tindrum',1,17,2143110895,'2009-12-28 17:53:10','2010-01-05 20:35:06','2009-12-15','',550,1,'2009-12-24 09:50:00',1,11.68),
	(254,'Unit 3 - combat zone','14 originals\r\n50 copies each\r\nback to back','2009-12-24','09:50:00','2009-12-10','Cheng','tindrum',1,17,2143110895,'2009-12-28 17:59:46','2010-01-05 20:53:57','2009-12-15','',553,1,'2009-12-24 09:50:00',1,11.68),
	(255,'3 page NCR paper','3 originals, 50 copies each, hole punch','2010-01-05','08:00:00',NULL,'Christine Kemp','tindrum',0,21,NULL,'2009-12-28 18:02:20','2010-01-07 18:03:35','2009-12-28','',556,1,'2010-01-05 08:00:00',1,10.50),
	(256,'PLUS Parent Night Postcard','2 originals, 650 postcards\r\nTerra Green\r\nback to back\r\ncut\r\n714-220-4178','2010-01-06','10:04:00','2009-12-15','Lacie Mounger','tindrum',1,20,626446872,'2009-12-28 18:06:59','2010-01-05 23:19:25','2009-12-28','',558,1,'2010-01-06 20:00:00',1,23.72),
	(257,'Financial Aid Postcards','2 originals, 580 postcards\r\nAstro Pink\r\nback to back\r\ncut\r\n714-220-4178','2010-01-16','10:04:00','2009-12-11','Lacie Mounger','tindrum',1,20,626446872,'2009-12-28 18:08:27','2010-01-05 23:20:04','2009-12-28','',560,1,'2010-01-16 10:04:00',1,21.17),
	(258,'Checklist - AVID','2 originals\r\n500 copies','2009-12-17','10:08:00','2009-12-11','Mrs Guerrero x274','tindrum',1,66,577994716,'2009-12-28 18:11:01','2010-01-04 14:51:09','2009-12-28','',561,0,'2009-12-17 10:08:00',3,NULL),
	(259,'Act1 - A Christmas Carol','1 booklet\r\n30 copies\r\nback to back\r\nspiral  bind','2009-12-17','10:08:00','2009-12-11','Lorena Sevilla x109','tindrum',1,66,577994716,'2009-12-28 18:14:59','2010-01-04 14:51:09','2009-12-28','',563,0,'2009-12-17 10:08:00',3,NULL),
	(260,'Writing Prompts','100 originals\r\n4 copies\r\n5 1/2 x 8 1/2\r\ndrilled once with a ring?\r\nMulti card stock','2010-01-04','10:08:00','2009-12-11','Yeaton x141','tindrum',1,66,577994716,'2009-12-28 18:16:46','2010-01-05 23:20:45','2009-12-28','',566,1,'2010-01-04 10:08:00',1,14.60),
	(261,'Spelling Lessons - ELA','21 originals\r\n40 copies\r\nFront Cover color copy only\r\nback to back\r\nw/ covers\r\nspiral bind\r\nlaminate front cover','2010-01-08','10:08:00','2009-12-10','Jennifer Otlearn x144','tindrum',1,66,577994716,'2009-12-28 18:18:52','2010-01-08 16:50:06','2009-12-28','',568,1,'2010-01-08 10:08:00',1,50.20),
	(262,'Unit 4 Packet','back to back\r\ncollate/staple\r\n26 originals\r\n75 copies','2009-12-16','10:19:00','2009-12-14','Jason Smith','tindrum',1,44,2038214979,'2009-12-28 18:20:18','2010-01-04 14:51:09','2009-12-28','',569,0,'2009-12-16 10:19:00',3,NULL),
	(263,'Workbook - B73 - B76','4 originals\r\n240 copies\r\nback to back\r\nhole punch','2010-01-07','10:19:00','2009-11-09','Bries','tindrum',1,44,1832053019,'2009-12-28 18:22:20','2010-01-05 22:59:34','2009-12-28','',572,1,'2010-01-07 10:19:00',1,16.44),
	(264,'CAHSEE Exam Packet Review','9 originals\r\n944 copies\r\nback to back\r\ncollate/staple (1)','2009-12-18','10:22:00','2009-12-14','Leslie Miyamoto','tindrum',1,44,1374376708,'2009-12-28 18:24:18','2010-01-04 14:51:10','2009-12-28','',573,0,'2009-12-18 10:22:00',3,NULL),
	(265,'Discipline Action','1 original \r\n1500 copies\r\nNCR 3 part\r\nsingle sided\r\n4 1/4 x 5 1/2','2009-12-18','10:24:00','2009-12-14','Paty Prieto x3663','tindrum',1,11,9178353,'2009-12-28 18:26:13','2010-01-05 23:21:48','2009-12-28','',576,1,'2009-12-18 10:24:00',1,78.75),
	(266,'English Instructional Materials','1 - 2 sided to 2 sided, rest 1-2 sided\r\nback to back\r\ncollate\r\n33 sides\r\n30 copies\r\nreduction just so edges are not lost','2010-01-05','10:26:00','2009-12-15','C. Gullett','tindrum',1,44,1832053019,'2009-12-28 18:28:30','2010-01-05 23:50:38','2009-12-28','',578,1,'2010-01-05 19:00:00',1,17.13),
	(267,'English Instructional Materials','35 copies\r\nback to back\r\ncollate','2010-01-06','10:26:00','2009-12-15','C. Gullett','tindrum',1,44,1832053019,'2009-12-28 18:30:10','2010-01-07 16:28:14','2009-12-28','',580,1,'2010-01-06 10:26:00',1,18.28),
	(268,'Test Ch. 5-1 to 5-3','3 originals\r\n120 copies\r\nback to back\r\ncollate','2009-12-16','10:26:00','2009-12-15','Bries','tindrum',1,44,1832053019,'2009-12-28 18:33:45','2010-01-05 22:56:26','2009-12-28','',582,1,'2009-12-16 10:26:00',1,8.22),
	(269,'WS p. 49 Only - Math','1 original\r\n110 copies\r\nsingle sided\r\nhole punch','2009-12-16','10:50:00','2009-12-11','Bries x700','tindrum',1,44,1832053019,'2009-12-28 18:52:37','2010-01-05 22:58:39','2009-12-28','',584,1,'2009-12-16 10:50:00',1,3.63),
	(270,'Chemistry Worksheets','15 originals\r\n110 copies\r\nback to back','2009-12-17','15:00:00','2009-12-14','Sean Phi x2605','tindrum',1,44,1832053019,'2009-12-28 21:05:30','2010-01-05 22:55:45','2009-12-28','',586,1,'2009-12-17 15:00:00',1,29.30),
	(272,'After School Work Study Program/English','1 original \r\n3500 copies\r\nNCR white yellow pink\r\nSouth Attendance','2010-01-14','13:00:00','2009-12-14','Cheryl Licon x1107','tindrum',0,62,2117013688,'2009-12-28 21:23:59','2010-01-04 14:51:12','2009-12-28','',590,0,'2010-01-14 13:00:00',3,NULL),
	(273,'Classroom Enrichment','8 originals\r\n20 copies\r\nSingle sided\r\nback to back (as marked)','2010-01-15','08:00:00','2009-12-15','Brenda Fagan','tindrum',1,17,2143110895,'2009-12-28 21:32:12','2010-01-05 23:34:21','2009-12-28','',594,1,'2010-01-15 08:00:00',1,3.96),
	(274,'Reading Strategy - Ch 3','Ch 3\r\n4 originals\r\n115 copies\r\nback to back\r\ncollate','2010-01-05','00:00:00','2009-12-16','Dotan','tindrum',1,44,1832053019,'2009-12-28 21:41:55','2010-01-05 23:22:58','2009-12-28','',596,1,'2010-01-05 00:00:00',1,7.84),
	(275,'Reading Strategy - Sentence Starters','4 originals\r\n115 copies\r\nback to back\r\ncollate','2009-12-19','00:00:00','2009-12-16','Dotan','tindrum',1,44,1832053019,'2009-12-28 21:51:25','2010-01-05 23:23:46','2009-12-28','',598,1,'2009-12-19 00:00:00',1,7.84),
	(276,'Ch 4 - Framing the Text','2 originals\r\n115 copies\r\nback to back\r\n','2010-01-05','00:00:00','2009-12-16','Dotan','tindrum',1,44,1832053019,'2009-12-28 22:00:11','2010-01-05 23:24:58','2009-12-28','',600,1,'2010-01-06 00:00:00',1,3.79),
	(277,'History Work','6 originals\r\nsee attached\r\nHole punch','2010-01-04','14:00:00','2009-12-16','','tindrum',0,44,1832053019,'2009-12-28 22:01:38','2010-01-05 23:40:15','2009-12-28','',603,1,'2010-01-04 14:00:00',1,14.44),
	(278,'What is force?','7 papers (13 sides)\r\n230 copies\r\nback to back\r\ndo not collate\r\nseparate w/ slip sheet\r\nhole punch','2010-01-15','14:00:00','2010-01-16','Vu (Rm. 31) x3663','tindrum',1,11,9178353,'2009-12-28 22:05:44','2010-01-04 14:51:13','2009-12-28','',604,0,'2010-01-15 14:00:00',3,NULL),
	(279,'Speed','9 papers (16 sides)\r\n230 copies\r\nback to back\r\ndo not collate\r\nseparate w/ slip sheet\r\nhole punch','2010-01-06','14:00:00','2010-01-16','Vu (Rm. 31) x3663','tindrum',1,11,9178353,'2009-12-28 22:08:44','2010-01-04 14:51:14','2009-12-28','',607,0,'2010-01-06 14:00:00',3,NULL),
	(280,'Math CAHSEE Practice','690 originals\r\n19 copies\r\nback to back\r\ncollate / staple 1','2010-01-14','14:00:00','2009-12-16','P. Krey','tindrum',1,44,1832053019,'2009-12-28 22:13:05','2010-01-04 14:51:14','2009-12-28','',610,0,'2010-01-14 14:00:00',3,NULL),
	(293,'Foreign Language Standards posters','7 sets of foreign language standards posters on color 11 x 17 and 5 big posters\r\ncontent standards\r\ncontent standard',NULL,NULL,'2009-12-16','Jose A. Gallegos','tindrum',1,42,1278572322,'2010-01-04 15:13:19','2010-01-08 22:25:55','2009-12-22','',658,1,'2010-01-08 20:00:00',1,NULL),
	(294,'Stamped Envelopes','stamped envelopes w/ current postage',NULL,NULL,'2009-12-17','Becky Scott','tindrum',1,44,2143110897,'2010-01-04 15:55:49','2010-01-04 15:55:49','2010-01-04','',659,0,'2010-01-18 20:00:00',2,NULL),
	(296,'Mr. Pioneer poster/tickets','120 posters 11 x 17\r\n300 tickets',NULL,NULL,'2009-12-15','Carole Casto','tindrum',1,73,2143110898,'2010-01-04 16:20:28','2010-01-04 16:20:28','2010-01-04','',666,0,'2010-01-08 18:00:00',2,NULL),
	(297,'Winter Formal poster/tickets','120 posters 11 x 17\r\n350 tickets 2 sided color/b&w',NULL,NULL,'2009-12-15','Carole Casto','tindrum',1,73,2143110898,'2010-01-04 16:27:40','2010-01-07 17:06:47','2010-01-04','',671,0,'2010-01-08 23:00:00',3,NULL),
	(298,'A Christmas Carol','999-3717 \r\nRoom 923',NULL,NULL,'2009-12-16','M. Dalmas','tindrum',1,7,646994672,'2010-01-04 16:32:51','2010-01-06 16:18:10','2010-01-04','',676,1,'2010-01-05 20:00:00',1,27.20),
	(299,'Genetics Vocabulary','',NULL,NULL,'2009-12-17','Natalie Johnson','tindrum',1,66,577994716,'2010-01-04 16:35:44','2010-01-06 00:36:56','2010-01-04','',678,1,'2010-01-05 07:01:00',1,12.60),
	(300,'Pearl Harbor is Burning','x 102',NULL,NULL,'2009-12-17','Lisa Bach','tindrum',1,66,577994716,'2010-01-04 16:39:23','2010-01-05 23:39:23','2010-01-04','',680,1,'2010-01-04 10:00:50',1,9.02),
	(301,'Act. 2 A Christmas Carol','1 booklet\r\nx 109\r\nELA 7',NULL,NULL,'2009-12-17','Lorena Sevilla','tindrum',1,66,577994716,'2010-01-04 16:56:07','2010-01-07 18:02:09','2010-01-04','',682,1,'2010-01-07 20:00:00',1,46.86),
	(302,'Pass','',NULL,NULL,'2009-12-16','Bries','tindrum',1,44,1832053019,'2010-01-04 17:00:58','2010-01-05 23:37:52','2010-01-04','',685,1,'2010-01-05 20:00:54',1,1.90),
	(303,'Classroom Enrichment','',NULL,NULL,'2009-12-16','Brenda Fagan','tindrum',1,17,2143110895,'2010-01-04 17:09:09','2010-01-04 17:09:09','2010-01-04','',686,0,'2010-01-09 16:00:52',3,NULL),
	(304,'BC - Michael Matsuda - 300','',NULL,NULL,'2009-12-23','S. Schacht','tindrum',1,37,2143110899,'2010-01-04 18:07:57','2010-01-07 22:57:11','2010-01-04','',691,1,'2010-01-15 18:00:32',1,18.00),
	(305,'Schoolwide Student Goals','ESLRs now called Schoolwide Student Goals\r\n\r\n/Volumes/Uno/Bank/Schools/Other/Adult_Education/Mission Statement:ESLERs.qxp',NULL,NULL,'2009-12-14','Adrianna Campos','dnramsay',0,3,1601341352,'2010-01-04 21:01:05','2010-01-04 21:02:04','2010-01-04','48511',695,0,'2009-12-18 20:59:32',4,NULL),
	(306,'Main Office - Stamped Envelopes & Letterhead','Eddie Coco',NULL,NULL,'2009-12-18','Linda Maher','dnramsay',1,73,2143110900,'2010-01-04 21:05:52','2010-01-04 21:05:52','2010-01-04','48518',697,0,'2010-01-15 21:03:29',2,NULL),
	(307,'Practice DBQ Essay tests','140 copies of 4 pages\r\nback to back\r\ncollate/staple',NULL,NULL,'2009-12-17','Alex Lamb','dnramsay',1,7,646994672,'2010-01-04 21:08:08','2010-01-06 16:15:42','2010-01-04','',700,1,'2010-01-06 21:06:36',1,9.59),
	(308,'Practice DBQ Essay tests','140 copies of 6 pages\r\nback to back\r\ncollate/staple',NULL,NULL,'2009-12-17','Alex Lamb','dnramsay',1,7,646994672,'2010-01-04 21:09:37','2010-01-06 16:13:10','2010-01-04','',702,1,'2010-01-06 21:06:36',1,14.21),
	(309,'Egg Babies','250 copies of 1 page',NULL,NULL,'2009-12-18','Denise Karnes','dnramsay',1,11,NULL,'2010-01-04 23:08:03','2010-01-04 23:08:03','2010-01-04','',703,0,'2010-01-11 23:06:39',3,NULL),
	(310,'DNA - My Traits','900 copies of 2 pages\r\nback to back',NULL,NULL,'2009-12-18','Natalie Johnson x120','dnramsay',1,66,577994716,'2010-01-04 23:12:38','2010-01-06 20:15:51','2010-01-04','',706,1,'2010-01-05 23:09:16',1,29.70),
	(311,'Word Problem packet','1100 copies of 11 pages\r\nback to back\r\ncollate/staple',NULL,NULL,'2009-12-18','Murillo','dnramsay',1,66,577994716,'2010-01-04 23:14:57','2010-01-06 21:24:43','2010-01-04','',708,1,'2010-01-08 23:09:00',1,220.55),
	(312,'CAHSEE prep','32 cxopies of 22 pages\r\nback to back\r\nhole punch',NULL,NULL,'2010-01-04','Wohlgetogen, rm 465','dnramsay',1,44,2038214979,'2010-01-04 23:17:54','2010-01-06 21:18:33','2010-01-04','',709,0,'2010-01-06 23:16:26',3,11.72),
	(313,'Form 1040 for accounting','',NULL,NULL,'2009-12-09','Kevin Freeman','tindrum',1,44,2038214979,'2010-01-05 17:25:49','2010-01-05 18:57:34','2009-12-10','',712,1,'2009-12-15 10:30:57',1,7.12),
	(314,'PSAT Score Review postcard','350 postcards\r\n220-4178',NULL,NULL,'2009-12-09','T. Shumski','tindrum',1,20,626446872,'2010-01-05 17:35:49','2010-01-05 18:58:04','2009-12-09','',715,1,'2009-12-16 20:00:00',1,12.77),
	(315,'Theatre worksheets','3 individual worksheets; scene/character analysis; questionnaire; blocking stage design',NULL,NULL,'2009-12-10','V. Montgomery','tindrum',1,44,646994672,'2010-01-05 17:40:50','2010-01-05 18:58:54','2009-12-11','',718,1,'2009-12-16 23:00:00',1,24.97),
	(316,'Scholarship App','x3552\r\nIvory - 4 yr\r\nGreen - 2 yr',NULL,NULL,'2009-12-09','D. Welling','tindrum',1,23,1675440514,'2010-01-05 17:49:24','2010-01-05 18:59:15','2009-12-10','',721,1,'2009-12-18 20:00:00',1,18.60),
	(317,'Health Worksheet','',NULL,NULL,'2009-12-09','Allison Bottom','tindrum',1,44,2038214979,'2010-01-05 17:54:30','2010-01-05 18:59:52','2009-12-10','',724,1,'2009-12-17 21:30:00',1,372.96),
	(318,'Unit 5 Packet','',NULL,NULL,'2009-12-14','Jason Smith','tindrum',1,44,2038214979,'2010-01-05 18:37:52','2010-01-05 18:44:53','2010-01-14','',727,1,'2009-12-16 20:00:00',1,32.42),
	(319,'AVID Tutorial Peer Leader and Tutorial Request Form','',NULL,NULL,'2009-12-11','Stefani Boutelier','tindrum',1,61,577994716,'2010-01-05 19:06:29','2010-01-05 19:07:09','2009-12-11','',730,1,'2009-12-18 20:00:00',1,19.16),
	(320,'CAHSEE ELA blueprint','',NULL,NULL,'2009-12-14','Teresa Rodarte x2169','tindrum',1,58,1427121039,'2010-01-05 20:19:30','2010-01-05 20:23:52','2009-12-15','',732,1,'2009-12-15 20:00:00',1,10.18),
	(321,'CAHSEE Mathematics Blueprint','',NULL,NULL,'2009-12-14','Teresa Rodarte x2169','tindrum',1,58,1427121039,'2010-01-05 20:22:37','2010-01-05 20:23:19','2009-12-15','',735,1,'2009-12-15 20:00:00',1,14.66),
	(322,'Health Worksheet - 4 packets','4 packets',NULL,NULL,'2009-12-09','Allison Bottom','tindrum',1,44,2038214979,'2010-01-05 20:27:18','2010-01-05 20:27:18','2009-12-10','',738,1,'2009-12-18 21:30:00',1,216.79),
	(323,'Spelling Bee poster','Use template from Scholar Athlete to create a Spelling Bee poster. Or use Spelling bee background, but make Horizontal ',NULL,NULL,'2010-01-05','Pat Karlak','tindrum',0,65,NULL,'2010-01-05 20:44:32','2010-01-05 20:44:32','2010-01-05','',740,0,'2010-01-08 20:00:58',2,NULL),
	(324,'Workability I Student Application','',NULL,NULL,'2009-12-15','G Steinbrick x2393','tindrum',1,67,1778721835,'2010-01-05 21:23:38','2010-01-05 21:24:35','2009-12-15','',745,1,'2009-12-21 19:00:26',1,65.75),
	(325,'Agenda and Handouts','',NULL,NULL,'2009-12-13','Jeanne Sesky','tindrum',1,23,2143110901,'2010-01-05 22:50:55','2010-01-05 22:53:13','2009-12-15','',748,1,'2009-12-14 22:00:30',1,2.71),
	(326,'book pages','book pages : 38-55; 38-39; 40-41; 42-43; 44-45; 46-47; 48-49; 50-51; 52-53; 54-55',NULL,NULL,'2009-12-09','Bries x700','tindrum',1,44,2038214979,'2010-01-05 23:06:36','2010-01-05 23:07:23','2009-12-09','',751,1,'2010-01-06 20:00:25',1,79.52),
	(327,'Enlace Flyer & Poster','/Volumes/Uno/Bank/Schools/Senior/Savanna/Flyers/Enlace.qxp\r\n\r\n8.5 x 11 flyer\r\ncolor\r\n\r\n2 24x36 posters laminated\r\n\r\nneed work order - received 1/7/10',NULL,NULL,'2010-01-04','(Diana) Denise Temal','dnramsay',1,61,NULL,'2010-01-05 23:19:03','2010-01-07 17:17:01','2010-01-04','',882,0,'2010-01-08 23:17:45',2,NULL),
	(328,'Gala Fundraiser','APAC fundraiser tickets\r\nwhite with blue type - orchestra\r\nblue with black type - student \r\n\r\n10 up 11x17\r\n\r\n/Users/ladybug/Desktop/logoA.P.A.C..JPG\r\n',NULL,NULL,'2010-01-05','Meg Elder','dnramsay',0,7,2143110902,'2010-01-05 23:24:45','2010-01-05 23:24:45','2010-01-05','',755,0,'2010-01-08 23:21:26',2,NULL),
	(329,'Sex-linked and Practice Quiz Problems','',NULL,NULL,'2009-12-01','Carlson','tindrum',1,44,2038214979,'2010-01-05 23:26:49','2010-01-05 23:27:22','2009-12-02','',760,1,'2010-01-07 20:00:50',1,1.48),
	(330,'Dihybrid Corn Lab','',NULL,NULL,'2009-12-01','Carlson','tindrum',1,44,2038214979,'2010-01-05 23:29:07','2010-01-06 00:38:03','2009-12-02','',763,1,'2010-01-06 20:00:01',1,14.03),
	(331,'Basketball Program','color cover and center page(?)\r\n\r\n? pages inside b&w\r\n\r\nrebelshoops.com',NULL,NULL,'2010-01-05','Angelica flores','dnramsay',0,61,NULL,'2010-01-05 23:29:52','2010-01-05 23:56:20','2010-01-05','',764,0,'2010-01-15 23:28:53',2,NULL),
	(332,'Workability Packet','',NULL,NULL,'2009-12-15','G Steinbrick x2393','tindrum',1,67,1778721835,'2010-01-05 23:32:03','2010-01-05 23:33:29','2009-12-21','',769,1,'2009-12-21 19:00:17',1,32.95),
	(334,'Classroom Enrichment','',NULL,NULL,'2009-12-16','Brenda Fagan','tindrum',1,17,2143110895,'2010-01-05 23:35:58','2010-01-06 00:36:23','2010-01-04','',775,1,'2010-01-09 16:00:52',1,13.86),
	(335,'Portfolio Checklist','',NULL,NULL,'2009-12-18','Rob Mabry','tindrum',1,44,1832053019,'2010-01-05 23:41:54','2010-01-05 23:42:43','2009-12-23','',777,1,'2010-01-19 20:00:58',1,4.20),
	(336,'Mendel\'s Work Conc. Map and word search','',NULL,NULL,'2009-12-18','Natalie Johnson x120','tindrum',1,66,577994716,'2010-01-05 23:48:22','2010-01-05 23:48:57','2009-12-23','',779,1,'2010-01-04 16:00:48',1,29.70),
	(337,'CAHSEE lang. Arts Blue Print','',NULL,NULL,'2009-12-18','Pam Krey','tindrum',1,44,1832053019,'2010-01-05 23:52:40','2010-01-05 23:53:51','2009-12-23','',781,1,'2009-12-30 20:00:00',1,45.97),
	(338,'CAHSEE Mathematics','',NULL,NULL,'2009-12-18','Pam Krey','tindrum',1,44,1832053019,'2010-01-05 23:55:54','2010-01-05 23:56:35','2009-12-23','',783,1,'2009-12-30 20:00:00',1,80.17),
	(339,'WASC Report - Cover page; Report; Appendix','w/ Covers\r\n7 Tab Dividers',NULL,NULL,'2010-01-04','J Dursi 220-4172','tindrum',1,20,821874730,'2010-01-05 23:58:46','2010-01-05 23:59:36','2009-12-23','',785,1,'2010-01-04 23:00:00',1,374.80),
	(340,'CSEA - Salary Schedule','',NULL,NULL,'2009-12-23','Marie Raguzzo x7824','tindrum',1,38,1415628845,'2010-01-06 00:01:33','2010-01-06 00:02:02','2010-01-04','',787,1,'2010-01-04 20:00:11',1,2.74),
	(341,'School Plan binder','3 notebooks w/ tabs and color printed pgs. provided \r\nPlease copy + put in notebooks like the master.\r\nSend the 3 notebooks to Susan Stocks and the master notebook back to Dale\r\n\r\nTitle I',NULL,NULL,'2009-12-17','K Levitin 220-4210','tindrum',1,21,NULL,'2010-01-06 00:12:48','2010-01-06 00:13:33','2010-01-04','',790,1,'2010-01-19 20:00:00',1,20.40),
	(342,'Math Test','',NULL,NULL,'2009-12-17','E. Brinkerhoff x3610','tindrum',1,14,2143110904,'2010-01-06 00:17:00','2010-01-06 00:20:18','2010-01-05','',793,1,'2010-01-05 20:00:04',1,121.10),
	(343,'Eng (3) Section (3) Packet','',NULL,NULL,'2009-12-17','Rasmussen x218','tindrum',1,53,70590700,'2010-01-06 00:29:09','2010-01-06 00:35:25','2010-01-04','',796,1,'2010-01-06 07:00:16',1,5.86),
	(344,'AUHSD ELA 7th Test','goldenrod',NULL,NULL,'2009-12-18','Jackie Counts x2181','tindrum',1,23,1318994963,'2010-01-06 16:36:43','2010-01-06 16:37:12','2010-01-04','',799,1,'2010-01-04 20:00:55',1,599.00),
	(345,'AUHSD ELA 8th Test','goldenrod',NULL,NULL,'2009-12-18','Jackie Counts x2181','tindrum',1,23,1318994963,'2010-01-06 16:41:54','2010-01-06 16:44:29','2010-01-04','',802,1,'2010-01-04 20:00:55',1,469.04),
	(346,'AUHSD ELA 7 Answer Section','',NULL,NULL,'2009-12-18','Jackie Counts x2181','tindrum',1,23,1318994963,'2010-01-06 16:43:08','2010-01-06 16:43:09','2010-01-04','',804,1,'2010-01-04 20:00:55',1,5.00),
	(347,'Speed','Science',NULL,NULL,'2009-12-16','Vu (Rm 31) x3663','tindrum',1,11,9178353,'2010-01-06 16:49:16','2010-01-06 16:49:44','2010-01-04','',807,1,'2010-01-06 20:00:34',1,61.27),
	(348,'AUHSD ELA 8 Answer Section','',NULL,NULL,'2009-12-18','Jackie Counts x2181','tindrum',1,23,1318994963,'2010-01-06 16:52:47','2010-01-06 16:52:48','2010-01-04','',809,1,'2010-01-04 20:00:55',1,4.40),
	(349,'IA-SE Exam','',NULL,NULL,'2010-01-04','Jenni Smith x3549','tindrum',1,38,1415628845,'2010-01-06 16:55:29','2010-01-06 16:56:10','2010-01-04','',811,1,'2010-01-05 00:30:38',1,30.07),
	(350,'IA-Ability to Assist Exam','',NULL,NULL,'2010-01-04','Jenni Smith x3549','tindrum',1,38,1415628845,'2010-01-06 17:10:36','2010-01-06 17:10:36','2010-01-04','',813,1,'2010-01-19 00:30:00',1,70.05),
	(351,'Lady Knights Girls Basketball Program','Volumes/Uno/Bank/Schools/Senior/Katella/Programs/Girls Basketball 2010\r\nGood Morning, Daniel.\r\n \r\nI just spoke to Nadine and she requested I forward this to you as Jeff has been out for a couple of days and not known when he will be back.  Below is the original email I forwarded to Jeff with suggestions for our program.  I\'ve never done anything like this, if you need to switch pages around, please feel free to do so. \r\n \r\nIn my first attempt to send this to Jeff, it would not go through due to the size of the attachments.  I had to send several emails in order to get through, I apologize.  Hopefully it all comes through with no problems.  After you have received everything, could you please send me a quick email that you\'ve received it?  I\'d appreciate it.\r\n \r\nWe are looking for 70 copies, probably 40 pages each, in color.  The Head Basketball Coach, Jimmy Valverde, would like to pick up by latest, Tuesday, 1/12 - early afternoon if possible.  Girl\'s start their season at home Tuesday and would like to have the programs for their first home game. \r\n \r\nIf you have any questions, please do not hesitate to contact me via phone or email.  \r\n \r\nThank you so much for your help.\r\n \r\nHave a great day,\r\nTerri Sanders\r\n(714) 423-2610\r\n \r\n \r\n\r\n----- Forwarded Message ----\r\nFrom: Terri Sanders <tdsanders4t@att.net>\r\nTo: schofield_j@auhsd.us\r\nSent: Mon, January 4, 2010 3:57:53 PM\r\nSubject: KATELLA HIGH SCHOOL GIRLS BASKETBALL - PROGRAM\r\n\r\n	\r\n	\r\nHi Jeff,\r\nI hope this all comes through well!  This is my first time doing something like this, please do not hesitate to call/email if you have any questions or difficulties with the attachments.  Everything but 4 pages is in pdf.  The cover page and the 3 team photos are in jpeg.  I hope you can open/convert, whatever it takes.  For the life of me I could not convert those pictures. I do have the pictures on a disc if you are unable to open them. \r\n \r\nAs mentioned, Jimmy Valverde spoke to you, probably a month ago.  He is looking for 70 books, color pictures.  We thought we could get this done in 30 pages, but looks like we will go over as we had alot more sponsors that we had anticipated. \r\n \r\nLayout we are looking for (you may have a better idea, like I said, first time I\'ve done this)\r\n \r\nPAGE 1 - cover page\r\nPAGE 2 - inside front cover - Dedication Page\r\nPAGE 3-4 - Coaches\r\nPAGE 5 - Varsity Having Fun\r\nPAGE 6-12 - Varsity Pics and Bios\r\nPAGE 13-17 - FULL PAGE ADVERTISING (Sesma Drapery, His Nibs, Chanel, Jessie, Calfornia Coast Plumbing)\r\nPAGE 18-19 - VARSITY TEAM PIC\r\nPAGE 20-21 - JV TEAM PIC\r\nPAGE 22-23 - FROSH TEAM PIC\r\nPAGE 24-25 - JV Pics and Bios\r\nPage 26-28 - Frosh Pics and Bios\r\nSeveral pages of Ads\r\nINSIDE BACK COVER - REINBOLD GALLERIES\r\nBACK COVER - FUN SERVICES\r\n \r\nI understand the Team Pics have to be in the \"centerfold\" area as they will take up 2 pages; if you need to rearrange anything, please do as you think best.  Cover page and inside cover page, inside back cover and back cover are about the only things that Jimmy has promised these pages to the advertisers for back cover, and wants the dedication up front.\r\n \r\nPlease do not hesitate to give me a call/eamail with any questions, comments or problems. \r\n \r\nThanks for your help. \r\nTerri Sanders\r\n(714) 423-2610\r\n \r\n ',NULL,NULL,'2010-01-06','Terry Sanders','tindrum',0,41,NULL,'2010-01-06 17:17:54','2010-01-07 22:48:32','2010-01-06','',814,0,'2010-01-12 20:00:04',2,NULL),
	(352,'CAHSEE Test Prep - Geometry Workbook','',NULL,NULL,'2010-01-04','doug Maclear x3768','tindrum',1,7,646994672,'2010-01-06 21:12:07','2010-01-06 21:12:37','2010-01-05','',820,1,'2010-01-05 20:11:38',1,299.25),
	(353,'Flyer: Understanding the IEP Process - English and Spanish','',NULL,NULL,'2009-12-28','J. Landgraf','tindrum',1,67,1778721835,'2010-01-06 21:15:12','2010-01-06 21:15:53','2010-01-04','',822,1,'2010-01-05 21:14:04',1,12.90),
	(354,'Pre Alg','Pre Algebra',NULL,NULL,'2010-01-04','Bialowas x3565','tindrum',1,23,1427121039,'2010-01-06 21:20:40','2010-01-06 21:21:19','2010-01-05','',825,1,'2010-01-07 21:19:21',1,182.70),
	(355,'Algebra 2009-10','',NULL,NULL,'2010-01-04','Bialowas x3565','tindrum',1,23,1427121039,'2010-01-06 21:22:51','2010-01-06 21:23:22','2010-01-05','',828,1,'2010-01-07 21:21:49',1,137.03),
	(356,'Breakthrough Coach','17 pg pkt for the Breakthrough Coach\r\nCharge to the breakthrough coach',NULL,NULL,'2010-01-05','Trudy x3502','tindrum',1,65,NULL,'2010-01-06 21:29:06','2010-01-06 21:29:37','2010-01-05','',831,1,'2010-01-15 21:27:32',1,38.29),
	(357,'Thank Yous - F, JV, V','',NULL,NULL,'2009-12-16','Mike McMillen','tindrum',0,20,626446872,'2010-01-06 21:31:18','2010-01-06 21:31:59','2009-12-16','',833,1,'2009-12-16 08:00:00',1,31.50),
	(358,'Winter Concert Program','',NULL,NULL,'2009-12-11','Brian Belski','tindrum',0,61,1387682477,'2010-01-06 21:34:10','2010-01-06 21:34:49','2009-12-15','',835,1,'2009-12-15 20:00:00',1,73.00),
	(359,'Senior High ELD Chair Meeting','',NULL,NULL,'2009-12-16','C Pettit x3566','tindrum',1,23,542223680,'2010-01-06 21:36:50','2010-01-06 21:37:27','2009-12-16','',837,1,'2009-12-16 19:30:28',1,7.05),
	(360,'Checking for Understanding','',NULL,NULL,'2009-12-16','C Petitt x3564','tindrum',1,23,542223680,'2010-01-06 21:39:44','2010-01-06 21:40:19','2009-12-16','',840,1,'2009-12-16 19:30:02',1,8.30),
	(361,'Sycamore','directions and guide packet',NULL,NULL,'2010-01-05','L. Parker','Matt',1,79,577994716,'2010-01-06 22:08:50','2010-01-06 22:08:50','2010-01-06','',841,0,'2010-01-15 22:09:29',3,NULL),
	(362,'PC Holiday','',NULL,NULL,'2009-12-16','Melanie Thomasson x7756','tindrum',1,38,1415628845,'2010-01-07 15:05:27','2010-01-07 15:06:09','2009-12-16','',844,1,'2009-12-16 20:04:12',1,15.00),
	(363,'CAHSEE Exam Packet Review','',NULL,NULL,'2009-12-14','Leslie Miyamoto Rm 215','tindrum',1,7,1374376708,'2010-01-07 15:13:47','2010-01-07 15:14:28','2009-12-16','',846,1,'2009-12-18 22:27:51',1,158.12),
	(364,'Espulsion Hearing Packet','',NULL,NULL,'2009-12-16','x5654 (Kathy Curry)','tindrum',1,60,1313713303,'2010-01-07 15:19:43','2010-01-07 15:20:20','2009-12-16','',848,1,'2009-12-17 21:30:00',1,3.33),
	(365,'Single Plan for Student Achievement','',NULL,NULL,'2009-12-17','M. Chang x5408','tindrum',1,63,1859277232,'2010-01-07 15:25:35','2010-01-07 15:26:05','2009-12-17','',850,1,'2009-12-17 21:30:00',1,19.40),
	(366,'Basketball Programs','color cover; Center Page/Guts B and W',NULL,NULL,'2009-12-16','Mike McMillen','tindrum',0,20,626446872,'2010-01-07 15:28:21','2010-01-07 15:29:02','2009-12-17','',852,1,'2009-12-18 20:26:57',1,675.00),
	(367,'Alg II','Algebra II',NULL,NULL,'2009-12-16','Bialowas x3565','tindrum',1,23,1318994963,'2010-01-07 15:41:36','2010-01-07 15:42:13','2009-12-17','',855,1,'2010-01-04 20:37:29',1,22.85),
	(368,'Christmas Newsletter','',NULL,NULL,'2009-12-16','A. Wampler x4262 x140','tindrum',0,NULL,NULL,'2010-01-07 15:49:09','2010-01-07 15:50:30','2009-12-16','',857,1,'2009-12-17 20:47:25',1,170.15),
	(369,'Assignment Sheet','',NULL,NULL,'2010-01-05','Bries x700','tindrum',1,44,1832053019,'2010-01-07 16:19:23','2010-01-07 16:22:28','2010-01-05','',860,1,'2010-01-06 20:11:51',1,6.60),
	(370,'Exponents Test A and B','Math department',NULL,NULL,'2010-01-05','Bries x700','tindrum',1,44,1832053019,'2010-01-07 16:26:02','2010-01-07 16:26:45','2010-01-05','',862,1,'2010-01-06 20:24:41',1,10.23),
	(371,'Notice of Detention','sample attached',NULL,NULL,'2009-12-04','s. Chylinski x3613','tindrum',1,14,1439301198,'2010-01-07 16:31:50','2010-01-07 16:49:37','2010-01-05','',864,1,'2009-12-18 20:29:42',1,131.25),
	(372,'Parts of a Book','',NULL,NULL,'2009-12-08','Jennifer O\'Hearn x144, 999-3616','tindrum',1,66,577994716,'2010-01-07 16:54:27','2010-01-07 16:54:52','2010-01-05','',866,1,'2010-01-08 20:53:22',1,20.23),
	(373,'Worksheets','Math department',NULL,NULL,'2010-01-05','Wohlgezogen Rm 465','tindrum',1,44,1832053019,'2010-01-07 16:58:01','2010-01-07 16:58:33','2010-01-06','',869,1,'2010-01-07 19:56:44',1,5.28),
	(374,'Quiz and Wrksts','worksheets',NULL,NULL,'2010-01-05','Wohlgezogen Rm 465','tindrum',1,44,1832053019,'2010-01-07 16:59:58','2010-01-07 18:24:25','2010-01-06','',872,1,'2010-01-08 19:59:10',1,8.96),
	(375,'Tolerance Pkt','Packet',NULL,NULL,'2010-01-05','Mrs. Guerrero x274','tindrum',1,77,577994716,'2010-01-07 17:03:07','2010-01-07 17:03:42','2010-01-06','',875,1,'2010-01-07 19:02:03',1,98.29),
	(376,'LOTF CH 7-9 and 10-12 Questions','',NULL,NULL,'2010-01-04','Woodbury x2153','tindrum',1,44,2038214979,'2010-01-07 17:05:17','2010-01-07 17:05:40','2010-01-06','',877,1,'2010-01-08 15:45:13',1,3.46),
	(377,'LOTF Title Sum. CH 7-12','',NULL,NULL,'2010-01-04','Woodbury x2153','tindrum',1,44,2038214979,'2010-01-07 17:07:07','2010-01-07 17:07:35','2010-01-06','',879,1,'2010-01-08 15:45:13',1,3.46),
	(378,'LOTF Title Sum. CH 1-6','',NULL,NULL,'2010-01-04','Woodbury x2153','tindrum',1,44,2038214979,'2010-01-07 17:08:28','2010-01-07 17:08:28','2010-01-06','',881,1,'2010-01-08 15:45:13',1,3.46),
	(379,'LOTF CH 1-3 and 4-6 Questions','',NULL,NULL,'2010-01-04','Woodbury x2153','tindrum',1,44,2038214979,'2010-01-07 17:17:28','2010-01-07 17:17:28','2010-01-06','',884,1,'2010-01-08 15:45:13',1,3.46),
	(380,'LOTF Vocab','',NULL,NULL,'2010-01-04','Woodbury x2153','tindrum',1,44,2038214979,'2010-01-07 17:20:49','2010-01-07 17:24:57','2010-01-06','',886,1,'2010-01-08 15:46:44',1,2.96),
	(381,'Character Analysis','3 single sided copies to be made double-sided and stapled as a packet',NULL,NULL,'2010-01-05','Eve Sullivan','tindrum',1,11,1205719279,'2010-01-07 17:27:06','2010-01-07 17:30:38','2010-01-06','',889,1,'2010-01-11 19:25:57',1,14.19),
	(382,'Context Clues and Lit. Analysis','2 single sided copies to be made double-sided and stapled as a packet\r\nLiterature',NULL,NULL,'2010-01-05','Eve Sullivan','tindrum',1,11,1205719279,'2010-01-07 17:30:17','2010-01-07 17:33:12','2010-01-06','',892,1,'2010-01-08 19:25:00',1,6.93),
	(383,'Questions for Diary of Anne Frank','1 handout that is double-sided\r\ntitled',NULL,NULL,'2010-01-05','Eve Sullivan','tindrum',1,11,1205719279,'2010-01-07 17:32:21','2010-01-07 17:32:22','2010-01-06','',895,1,'2010-01-08 19:25:00',1,7.95),
	(384,'Literary Skills - Idioms','1 double sided page to be made into additional double sided pages',NULL,NULL,'2010-01-05','Eve Sullivan','tindrum',1,11,1205719279,'2010-01-07 17:34:46','2010-01-07 17:34:46','2010-01-06','',898,1,'2010-01-12 19:25:00',1,7.95),
	(385,'Build Vocabulary - Build Grammar','2 single sided pages to be made into 1 double sided page',NULL,NULL,'2010-01-05','Eve Sullivan','tindrum',1,11,1205719279,'2010-01-07 17:35:56','2010-01-07 17:35:56','2010-01-06','',901,1,'2010-01-11 19:25:00',1,7.95),
	(386,'Character Motivation - Reading; Ask Q+A','2 single sided pages to be made into 1 double sided page',NULL,NULL,'2010-01-05','Eve Sullivan','tindrum',1,11,1205719279,'2010-01-07 17:36:49','2010-01-07 17:36:49','2010-01-06','',904,1,'2010-01-11 19:25:00',1,7.95),
	(387,'Advanced Practice II','CS & CA SW 553 Advanced Practice II Syllabus 31\r\nI don\'t know if any of this is right, the writing is illegible\r\n\r\nSELF PAY',NULL,NULL,'2010-01-05','D. Baumeister x3791','tindrum',1,25,NULL,'2010-01-07 17:39:45','2010-01-07 17:40:37','2010-01-06','',907,1,'2010-01-07 20:00:12',1,46.70),
	(388,'On Campus Suspension','1500 total\r\n\r\nmake 2 up 5.5x8.5\r\n\r\nuse .doc emailed by Kathy\r\n/Volumes/Uno/Bank/Schools/Senior/Katella/Forms/new ocs form.doc',NULL,NULL,'2010-01-05','Kathy Arce','dnramsay',1,41,1277630426,'2010-01-07 17:40:59','2010-01-07 17:40:59','2010-01-06','',908,0,'2010-01-11 17:37:16',2,NULL),
	(389,'CEMSS: Classroom Observation Protocol','',NULL,NULL,'2010-01-04','April Estep x3560','tindrum',1,23,2143110906,'2010-01-07 17:43:23','2010-01-07 17:45:17','2010-01-06','',913,1,'2010-01-07 20:00:29',1,2.05),
	(390,'CAHSEE Practice Test','ELD - Penny Davis',NULL,NULL,'2010-01-04','Penny Davis x135','tindrum',1,7,646994672,'2010-01-07 17:47:18','2010-01-07 17:47:46','2010-01-06','',915,1,'2010-01-12 04:00:09',1,69.55),
	(391,'Verbs List','or could be jerbs list, but probably not',NULL,NULL,'2010-01-04','Penny Davis x135','tindrum',1,7,646994672,'2010-01-07 17:49:58','2010-01-07 17:50:30','2010-01-06','',917,1,'2010-01-11 16:00:33',1,8.85),
	(392,'4/5 Person Work Wheel - Egg Babies','Home Economics',NULL,NULL,'2009-12-18','Denise Karnes','tindrum',1,11,1205719279,'2010-01-07 17:52:56','2010-01-07 17:53:21','2010-01-06','',919,1,'2010-01-11 20:51:00',1,14.00),
	(393,'Math Test','',NULL,NULL,'2010-01-06','Carolyn Jones','tindrum',1,38,1415628845,'2010-01-07 18:00:44','2010-01-07 18:01:18','2010-01-06','',921,1,'2010-01-06 20:55:41',1,30.46),
	(394,'Vocabulary Matrix','',NULL,NULL,'2010-01-04','Haller Yeardon x141','tindrum',1,66,577994716,'2010-01-07 18:05:48','2010-01-07 18:06:16','2010-01-06','',924,1,'2010-01-07 20:04:29',1,52.80),
	(395,'Various - Probablility Statistics','',NULL,NULL,'2010-01-05','Bries x700','tindrum',1,44,746266476,'2010-01-07 18:08:14','2010-01-07 18:08:43','2010-01-06','',927,1,'2010-01-07 20:07:05',1,79.48),
	(396,'Drama - El Torito Fiesta Fundraiser tickets','Drama dept\r\nMay need typesetting\r\n',NULL,NULL,'2010-01-04','J. Sasai 220-4051 x137','tindrum',1,71,2143110903,'2010-01-07 18:35:57','2010-01-07 20:13:42','2010-01-07','',929,0,'2010-01-12 20:30:33',3,NULL),
	(397,'BC - Gayle Carpenter - 1000','',NULL,NULL,'2009-12-16','J Penner','tindrum',1,21,NULL,'2010-01-07 20:50:37','2010-01-07 23:14:04','2010-01-04','',935,1,'2010-01-05 16:00:07',1,30.00),
	(398,'BC - Sather; Aska; Martin - 300','Debi Sather; Annette Aska; Paula Martin',NULL,NULL,'2009-12-15','A. Aska x 3712','tindrum',1,44,1618338040,'2010-01-07 21:01:25','2010-01-08 00:04:51','2009-12-22','',937,0,'2010-01-05 20:59:35',3,54.00),
	(399,'Pre Alg','Pre Algebra',NULL,NULL,'2010-01-06','Bialowas x3565','tindrum',1,23,1427121039,'2010-01-07 22:50:24','2010-01-07 22:50:24','2010-01-07','',942,1,'2010-01-08 21:19:00',1,182.20);

/*!40000 ALTER TABLE `jobs` ENABLE KEYS */;
UNLOCK TABLES;


# Dump of table schema_migrations
# ------------------------------------------------------------

DROP TABLE IF EXISTS `schema_migrations`;

CREATE TABLE `schema_migrations` (
  `version` varchar(255) NOT NULL,
  UNIQUE KEY `unique_schema_migrations` (`version`)
) ENGINE=InnoDB DEFAULT CHARSET=utf8;

LOCK TABLES `schema_migrations` WRITE;
/*!40000 ALTER TABLE `schema_migrations` DISABLE KEYS */;
INSERT INTO `schema_migrations` (`version`)
VALUES
	('20091106084428'),
	('20091106084747'),
	('20091106084819'),
	('20091106084942'),
	('20091107043152'),
	('20091111064319'),
	('20091111085759'),
	('20091111095914'),
	('20091111100003'),
	('20091111100033'),
	('20091111100055'),
	('20091111111716'),
	('20091111111746'),
	('20091111214539'),
	('20091117215724'),
	('20091118034005'),
	('20091209230803'),
	('20091228224008'),
	('20100102042741'),
	('20100102045530'),
	('20100105181929');

/*!40000 ALTER TABLE `schema_migrations` ENABLE KEYS */;
UNLOCK TABLES;


# Dump of table tasks
# ------------------------------------------------------------

DROP TABLE IF EXISTS `tasks`;

CREATE TABLE `tasks` (
  `id` int(11) NOT NULL AUTO_INCREMENT,
  `name` varchar(255) DEFAULT NULL,
  `created_at` datetime DEFAULT NULL,
  `updated_at` datetime DEFAULT NULL,
  PRIMARY KEY (`id`)
) ENGINE=InnoDB AUTO_INCREMENT=8 DEFAULT CHARSET=utf8;

LOCK TABLES `tasks` WRITE;
/*!40000 ALTER TABLE `tasks` DISABLE KEYS */;
INSERT INTO `tasks` (`id`,`name`,`created_at`,`updated_at`)
VALUES
	(1,'Complete','2010-01-04 14:41:33','2010-01-04 14:41:33'),
	(2,'Design','2010-01-04 14:41:33','2010-01-04 14:41:33'),
	(3,'Copy','2010-01-04 14:41:33','2010-01-04 14:41:33'),
	(4,'Press','2010-01-04 14:41:33','2010-01-04 14:41:33'),
	(5,'Bindery','2010-01-04 14:41:33','2010-01-04 14:41:33'),
	(6,'Ship','2010-01-04 14:41:33','2010-01-04 14:41:33'),
	(7,'Other','2010-01-04 14:41:33','2010-01-04 14:41:33');

/*!40000 ALTER TABLE `tasks` ENABLE KEYS */;
UNLOCK TABLES;


# Dump of table users
# ------------------------------------------------------------

DROP TABLE IF EXISTS `users`;

CREATE TABLE `users` (
  `id` int(11) NOT NULL AUTO_INCREMENT,
  `username` varchar(255) DEFAULT NULL,
  `crypted_password` varchar(255) DEFAULT NULL,
  `password_salt` varchar(255) DEFAULT NULL,
  `persistence_token` varchar(255) DEFAULT NULL,
  `created_at` datetime DEFAULT NULL,
  `updated_at` datetime DEFAULT NULL,
  PRIMARY KEY (`id`)
) ENGINE=InnoDB AUTO_INCREMENT=4 DEFAULT CHARSET=utf8;

LOCK TABLES `users` WRITE;
/*!40000 ALTER TABLE `users` DISABLE KEYS */;
INSERT INTO `users` (`id`,`username`,`crypted_password`,`password_salt`,`persistence_token`,`created_at`,`updated_at`)
VALUES
	(1,'tindrum','0c904e8e592563af38700c16aeb27978124f7c8fc2803dacbd660bc2f7cf09f3369fa89729a72e0045ba82259ae3919e9a6eac2089923dd17292bfc721a5fbf0','o9bqKHRSWkODv50euITj','6df8b07bfad34fa6e2081e888791220e4ceb3af34bb8effaf74fe938b7a49c33ff0672d62531892f80450c194a6a64e097a6783184072a4d47a42d8e2f72d70d','2009-11-19 08:14:47','2009-11-19 08:14:47'),
	(2,'dnramsay','8c18eaa8b4bf89ca104e129f91d7bc2124a5c0e0afc7e5a3a33d50d594ebd8a543b87b084dc4a9d5d2653116e85478d1d58e6b3b5831594592429c11e3ce2465','G5vJD9HqzPuFn8ruOszX','21df2769c26669d199699350c8f66c57f62c18eb223e4e28b8994e3d938c2941d04aaa3f8ac993d8b60eaad4be656a0f024352462f9b18aa5aee1d41ee6db85d','2009-11-20 16:26:19','2009-11-20 16:26:19'),
	(3,'Matt','65f795afc2817d3a908f15a0315bf8bb0a85eab48c8096ce221ba0fcac14e59958e8b1cdaff5b32b8074c793a15122185c09a3bf93537125a10bb7d1e20aea31','TpELrAxJcvd9vfLnigd3','ee0ad8beefee02c0e1ce0402eece847ba990d2d319108f8efd746cfb2358ff9bcaac92da8dd08eb636ce5641f56c55ce787f38ed854c1f46a858ba1450a69648','2009-11-20 16:37:22','2009-11-20 16:37:22');

/*!40000 ALTER TABLE `users` ENABLE KEYS */;
UNLOCK TABLES;


# Dump of table workflows
# ------------------------------------------------------------

DROP TABLE IF EXISTS `workflows`;

CREATE TABLE `workflows` (
  `id` int(11) NOT NULL AUTO_INCREMENT,
  `name` varchar(255) DEFAULT NULL,
  `note` varchar(255) DEFAULT NULL,
  `completed` tinyint(1) DEFAULT NULL,
  `completed_date` date DEFAULT NULL,
  `job_id` int(11) DEFAULT NULL,
  `created_at` datetime DEFAULT NULL,
  `updated_at` datetime DEFAULT NULL,
  `step_needed` tinyint(1) DEFAULT NULL,
  `order` int(11) DEFAULT NULL,
  `task_id` int(11) DEFAULT NULL,
  PRIMARY KEY (`id`)
) ENGINE=InnoDB AUTO_INCREMENT=943 DEFAULT CHARSET=utf8;

LOCK TABLES `workflows` WRITE;
/*!40000 ALTER TABLE `workflows` DISABLE KEYS */;
INSERT INTO `workflows` (`id`,`name`,`note`,`completed`,`completed_date`,`job_id`,`created_at`,`updated_at`,`step_needed`,`order`,`task_id`)
VALUES
	(159,'Design','format for letter size paper',1,'2009-11-12',112,'2009-11-12 17:56:17','2010-01-04 14:50:31',1,10,2),
	(160,'Copy','Nuvera: Detention Assignment.qxp:4-up_letter',1,'2009-11-13',112,'2009-11-12 17:56:17','2010-01-04 14:50:32',1,70,3),
	(161,'Bindery','pad or whatever to get them to stick together',1,'2009-11-13',112,'2009-11-12 17:56:17','2010-01-04 14:50:32',1,90,5),
	(162,'Ship','District Mail',1,'2009-11-13',112,'2009-11-12 17:56:17','2010-01-04 14:50:33',1,100,6),
	(163,'Design','business card template',1,'2009-11-12',113,'2009-11-12 18:15:05','2010-01-04 14:50:33',1,10,2),
	(164,'Copy','BC_B996332879.qxp',1,'2009-11-12',113,'2009-11-12 18:15:05','2010-01-04 14:50:33',1,70,3),
	(165,'Bindery','cut',1,'2009-11-12',113,'2009-11-12 18:15:05','2010-01-04 14:50:33',1,90,5),
	(166,'Ship','',1,'2009-11-12',113,'2009-11-12 18:15:05','2010-01-04 14:50:33',1,100,6),
	(167,'Design','',1,'2009-11-16',114,'2009-11-12 18:51:59','2010-01-04 14:50:33',1,10,2),
	(168,'Press','One color - red',1,'2009-11-16',114,'2009-11-12 18:51:59','2010-01-04 14:50:33',1,80,4),
	(169,'Bindery','folding',1,'2009-11-16',114,'2009-11-12 18:51:59','2010-01-04 14:50:34',1,90,5),
	(170,'Ship','Steve Kraus picked up',1,'2009-11-16',114,'2009-11-12 18:51:59','2010-01-04 14:50:34',1,100,6),
	(172,'Design','sort names by school, same design as last year',1,'2009-11-12',116,'2009-11-12 21:40:25','2010-01-04 14:50:34',1,10,2),
	(173,'Copy','Nuvera: Cert_JrHigh_Participationv7.qxp:Insert Names',1,'2009-11-12',116,'2009-11-12 21:40:25','2010-01-04 14:50:34',1,70,3),
	(174,'Ship','ask nadine',1,'2009-11-13',116,'2009-11-12 21:40:25','2010-01-04 14:50:34',1,100,6),
	(175,'Design','',1,'2009-11-18',117,'2009-11-12 22:31:39','2010-01-04 14:50:34',1,10,2),
	(176,'Copy','Color: BC_B996332879.qxp',1,'2009-11-18',117,'2009-11-12 22:31:39','2010-01-04 14:50:34',1,70,3),
	(177,'Bindery','cut to size',1,'2009-11-18',117,'2009-11-12 22:31:39','2010-01-04 14:50:34',1,90,5),
	(178,'Ship','Call when ready #3791',1,'2009-11-18',117,'2009-11-12 22:31:39','2010-01-04 14:50:34',1,100,6),
	(179,'Design','',1,'2009-11-16',118,'2009-11-12 22:35:01','2010-01-04 14:50:34',1,10,2),
	(180,'Copy','',1,'2009-11-16',118,'2009-11-12 22:35:01','2010-01-04 14:50:35',1,70,3),
	(182,'Ship','',1,'2009-11-16',118,'2009-11-12 22:35:01','2010-01-04 14:50:35',1,100,6),
	(183,'Design','',1,'2009-11-18',119,'2009-11-12 22:36:38','2010-01-04 14:50:35',1,10,2),
	(184,'Copy','BC_B996332879.qxp',1,'2009-11-18',119,'2009-11-12 22:36:38','2010-01-04 14:50:35',1,70,3),
	(185,'Bindery','cut to size',1,'2009-11-18',119,'2009-11-12 22:36:38','2010-01-04 14:50:35',1,90,5),
	(186,'Ship','',1,'2009-11-18',119,'2009-11-12 22:36:38','2010-01-04 14:50:35',1,100,6),
	(187,'Design','numbered',0,'2009-11-30',120,'2009-11-12 22:40:37','2010-01-04 14:50:36',1,10,2),
	(188,'Copy','',0,'2009-11-30',120,'2009-11-12 22:40:37','2010-01-04 14:50:36',1,70,3),
	(189,'Bindery','cut to size',0,'2009-11-30',120,'2009-11-12 22:40:37','2010-01-04 14:50:36',1,90,5),
	(190,'Ship','District Mail',0,'2009-11-30',120,'2009-11-12 22:40:37','2010-01-04 14:50:36',1,100,6),
	(193,'Design','2009-11-13  ',1,'2009-11-13',122,'2009-11-13 00:57:42','2010-01-04 14:50:36',1,10,2),
	(194,'Copy','2009-11-13',1,'2009-11-13',122,'2009-11-13 00:57:42','2010-01-04 14:50:36',1,70,3),
	(195,'Ship','Pick Up',1,'2009-11-13',122,'2009-11-13 00:57:42','2010-01-04 14:50:36',1,100,6),
	(196,'Design','',1,'2009-11-13',123,'2009-11-13 17:52:38','2010-01-04 14:50:36',1,10,2),
	(197,'Copy','Color: The_Talent_Zone_tabloid.psd',1,'2009-11-13',123,'2009-11-13 17:52:38','2010-01-04 14:50:36',1,70,3),
	(198,'Ship','pick up',1,'2009-11-13',123,'2009-11-13 17:52:39','2010-01-04 14:50:36',1,100,6),
	(199,'Design','small update to existing form',1,'2009-11-13',124,'2009-11-13 20:19:45','2010-01-04 14:50:37',1,10,2),
	(200,'Copy','Nuvera: DetentionHall.qxp:461_letter',1,'2009-11-17',124,'2009-11-13 20:19:45','2010-01-04 14:50:37',1,70,3),
	(201,'Bindery','padded or whatever to make 3 part form',1,'2009-11-19',124,'2009-11-13 20:19:45','2010-01-04 14:50:37',1,90,5),
	(202,'Ship','District Mail',1,'2009-11-20',124,'2009-11-13 20:19:45','2010-01-04 14:50:37',1,100,6),
	(203,'Design','',1,'2009-11-16',125,'2009-11-13 20:24:05','2010-01-04 14:50:37',1,10,2),
	(204,'Copy','Gold Cardstock',1,'2009-11-17',125,'2009-11-13 20:24:05','2010-01-04 14:50:37',1,70,3),
	(205,'Bindery','cut to size',1,'2009-11-17',125,'2009-11-13 20:24:05','2010-01-04 14:50:38',1,90,5),
	(206,'Ship','District Mail',1,'2009-11-17',125,'2009-11-13 20:24:05','2010-01-04 14:50:38',1,100,6),
	(210,'Design','',1,'2009-11-13',127,'2009-11-13 21:35:56','2010-01-04 14:50:38',1,10,2),
	(211,'Ship','call when ready   999-3791',1,'2009-11-16',127,'2009-11-13 21:35:56','2010-01-04 14:50:38',1,100,6),
	(212,'Design','proof sent',1,'2009-11-16',124,'2009-11-13 23:07:04','2010-01-04 14:50:38',NULL,11,2),
	(213,'Design','format for possible one- or two-color',1,'2009-11-17',128,'2009-11-16 18:22:44','2010-01-04 14:50:38',1,10,2),
	(215,'Press','17.5x22.5',0,'2009-11-16',128,'2009-11-16 18:22:44','2010-01-04 14:50:38',1,80,4),
	(216,'Ship','',0,'2009-11-16',128,'2009-11-16 18:22:44','2010-01-04 14:50:38',1,100,6),
	(217,'Design','from template',1,'2009-11-17',129,'2009-11-16 18:24:36','2010-01-04 14:50:39',1,10,2),
	(218,'Press','two-color',0,'2009-11-17',129,'2009-11-16 18:24:36','2010-01-04 14:50:39',1,80,4),
	(219,'Bindery','',0,'2009-11-17',129,'2009-11-16 18:24:36','2010-01-04 14:50:39',1,90,5),
	(220,'Ship','District Mail',0,'2009-11-17',129,'2009-11-16 18:24:36','2010-01-04 14:50:39',1,100,6),
	(221,'Design','pick up',1,'2009-11-24',130,'2009-11-16 18:27:40','2010-01-04 14:50:39',1,10,2),
	(222,'Press','',0,'2009-11-24',130,'2009-11-16 18:27:40','2010-01-04 14:50:39',1,80,4),
	(223,'Ship','',0,'2009-11-24',130,'2009-11-16 18:27:40','2010-01-04 14:50:39',1,100,6),
	(224,'Design','',1,'2009-11-16',131,'2009-11-16 18:30:39','2010-01-04 14:50:40',1,10,2),
	(225,'Press','',0,'2009-11-16',131,'2009-11-16 18:30:39','2010-01-04 14:50:40',1,80,4),
	(226,'Ship','',0,'2009-11-16',131,'2009-11-16 18:30:39','2010-01-04 14:50:40',1,100,6),
	(227,'Ship','',0,'2009-11-16',132,'2009-11-16 18:32:12','2010-01-04 14:50:40',1,100,6),
	(228,'Ship','District Mail',0,'2009-11-17',133,'2009-11-16 18:34:20','2010-01-04 14:50:40',1,100,6),
	(229,'Design','/Volumes/Uno/0a ED/No10_ReturnAddress_GilbertSouth_Polaris.pdf',1,'2009-11-17',134,'2009-11-16 18:35:38','2010-01-04 14:50:40',1,10,2),
	(230,'Press','',0,'2009-11-17',134,'2009-11-16 18:35:38','2010-01-04 14:50:40',1,80,4),
	(231,'Ship','',0,'2009-11-17',134,'2009-11-16 18:35:38','2010-01-04 14:50:40',1,100,6),
	(232,'Design','/Volumes/Uno/0a ED/No10_ReturnAddress_Cypress.pdf',1,'2009-11-16',132,'2009-11-16 18:37:01','2010-01-04 14:50:40',NULL,10,2),
	(233,'Press','',0,'2009-11-16',132,'2009-11-16 18:37:31','2010-01-04 14:50:40',NULL,80,4),
	(234,'Design','',1,'2009-11-16',133,'2009-11-16 18:38:33','2010-01-04 14:50:41',NULL,10,2),
	(235,'Outside Vendor','Eddie Coco',0,'2009-11-16',133,'2009-11-16 18:38:48','2010-01-04 14:50:41',NULL,85,7),
	(236,'Design','',1,'2009-11-17',135,'2009-11-16 18:42:35','2010-01-04 14:50:41',1,10,2),
	(237,'Press','',0,'2009-11-17',135,'2009-11-16 18:42:35','2010-01-04 14:50:41',1,80,4),
	(238,'Ship','',0,'2009-11-17',135,'2009-11-16 18:42:35','2010-01-04 14:50:41',1,100,6),
	(239,'Design','',1,'2009-11-17',136,'2009-11-16 18:45:50','2010-01-04 14:50:41',1,10,2),
	(240,'Press','',1,'2009-11-17',136,'2009-11-16 18:45:50','2010-01-04 14:50:41',1,80,4),
	(241,'Ship','District Mail',1,'2009-11-17',136,'2009-11-16 18:45:50','2010-01-04 14:50:42',1,100,6),
	(242,'Copy','',1,'2009-11-16',127,'2009-11-16 21:23:52','2010-01-04 14:50:42',NULL,70,3),
	(243,'Design','second proof sent',1,'2009-11-16',124,'2009-11-16 21:40:30','2010-01-04 14:50:42',NULL,12,2),
	(244,'Design','Proof OK',1,'2009-11-16',124,'2009-11-16 21:40:51','2010-01-04 14:50:42',NULL,13,2),
	(245,'Design','',1,'2009-11-17',137,'2009-11-16 22:37:08','2010-01-04 14:50:42',1,10,2),
	(246,'Copy','',1,'2009-11-16',137,'2009-11-16 22:37:08','2010-01-04 14:50:42',1,70,3),
	(247,'Bindery','',1,'2009-11-16',137,'2009-11-16 22:37:08','2010-01-04 14:50:42',1,90,5),
	(248,'Ship','',1,'2009-11-16',137,'2009-11-16 22:37:08','2010-01-04 14:50:42',1,100,6),
	(249,'Design','',1,'2009-11-16',138,'2009-11-16 22:45:12','2010-01-04 14:50:42',1,10,2),
	(250,'Copy','',1,'2009-11-17',138,'2009-11-16 22:45:12','2010-01-04 14:50:43',1,70,3),
	(251,'Ship','',1,'2009-11-17',138,'2009-11-16 22:45:12','2010-01-04 14:50:43',1,100,6),
	(255,'Design','',1,'2009-11-17',139,'2009-11-17 21:22:48','2010-01-04 14:50:43',1,10,2),
	(256,'Press','',1,'2009-11-17',139,'2009-11-17 21:22:48','2010-01-04 14:50:43',1,80,4),
	(257,'Ship','mail truck',1,'2009-11-17',139,'2009-11-17 21:22:49','2010-01-04 14:50:43',1,100,6),
	(260,'Design','based on last years design',1,'2009-11-30',141,'2009-11-18 22:38:50','2010-01-04 14:50:43',1,10,2),
	(261,'Copy','Color',1,'2009-11-18',141,'2009-11-18 22:38:50','2010-01-04 14:50:44',1,70,3),
	(262,'Bindery','folding',1,'2009-11-18',141,'2009-11-18 22:38:50','2010-01-04 14:50:44',1,90,5),
	(263,'Ship','',1,'2009-11-18',141,'2009-11-18 22:38:50','2010-01-04 14:50:44',1,100,6),
	(264,'Design','',1,'2009-11-18',142,'2009-11-18 23:45:22','2010-01-04 14:50:44',1,10,2),
	(265,'Copy','BC_B996332879.qxp',1,'2009-11-18',142,'2009-11-18 23:45:22','2010-01-04 14:50:44',1,70,3),
	(266,'Ship','',1,'2009-11-18',142,'2009-11-18 23:45:22','2010-01-04 14:50:44',1,100,6),
	(267,'Design','',1,'2009-11-20',143,'2009-11-19 16:28:03','2010-01-04 14:50:44',1,10,2),
	(268,'Press','done on color xerox copier',1,'2009-11-20',143,'2009-11-19 16:28:03','2010-01-04 14:50:44',1,80,4),
	(269,'Ship','taken to Cobian',1,'2009-11-20',143,'2009-11-19 16:28:03','2010-01-04 14:50:45',1,100,6),
	(272,'Design','',1,'2009-12-03',145,'2009-11-20 17:51:11','2010-01-04 14:50:45',1,10,2),
	(273,'Bindery','pad & cut',1,'2009-12-03',145,'2009-11-20 17:51:11','2010-01-04 14:50:45',1,90,5),
	(274,'Ship','sent district mail',1,'2009-12-03',145,'2009-11-20 17:51:11','2010-01-04 14:50:45',1,100,6),
	(275,'Design','',0,'2009-12-10',146,'2009-11-20 18:04:52','2010-01-04 14:50:45',1,10,2),
	(276,'Press','',0,'2009-12-11',146,'2009-11-20 18:04:52','2010-01-04 14:50:45',1,80,4),
	(277,'Ship','',0,'2009-12-11',146,'2009-11-20 18:04:52','2010-01-04 14:50:45',1,100,6),
	(279,'Ship','send pdf only',1,'2009-11-20',147,'2009-11-20 18:37:44','2010-01-04 14:50:45',1,100,6),
	(280,'Copy','from pdf on color',1,'2009-11-20',148,'2009-11-20 20:44:27','2010-01-04 14:50:45',1,70,3),
	(281,'Ship','pick up',1,'2009-11-20',148,'2009-11-20 20:44:27','2010-01-04 14:50:45',1,100,6),
	(282,'Copy','',1,'2009-11-20',149,'2009-11-20 22:06:42','2010-01-04 14:50:46',1,70,3),
	(284,'Ship','',1,'2009-11-20',149,'2009-11-20 22:06:42','2010-01-04 14:50:46',1,100,6),
	(287,'Design','proof sent email',1,'2009-11-23',128,'2009-11-24 17:53:24','2010-01-04 14:50:46',NULL,11,2),
	(297,'Design','pick-up',1,'2009-11-24',154,'2009-11-24 22:15:37','2010-01-04 14:50:46',1,10,2),
	(298,'Press','',0,'2009-11-24',154,'2009-11-24 22:15:37','2010-01-04 14:50:46',1,80,4),
	(299,'Ship','',0,'2009-11-24',154,'2009-11-24 22:15:37','2010-01-04 14:50:46',1,100,6),
	(300,'Copy','',1,'2009-11-30',155,'2009-11-30 15:21:47','2010-01-04 14:50:46',1,70,3),
	(301,'Bindery','',1,'2009-11-30',155,'2009-11-30 15:21:47','2010-01-04 14:50:47',1,90,5),
	(302,'Ship','',1,'2009-11-30',155,'2009-11-30 15:21:47','2010-01-04 14:50:47',1,100,6),
	(303,'Copy','',1,'2009-12-02',156,'2009-11-30 16:33:38','2010-01-04 14:50:47',1,70,3),
	(304,'Bindery','three hole punch and staple',1,'2009-12-02',156,'2009-11-30 16:33:39','2010-01-04 14:50:47',1,90,5),
	(305,'Ship','',1,'2009-12-02',156,'2009-11-30 16:33:39','2010-01-04 14:50:47',1,100,6),
	(306,'Design','',1,'2009-11-30',157,'2009-11-30 21:22:37','2010-01-04 14:50:47',1,10,2),
	(307,'Press','',0,'2009-11-30',157,'2009-11-30 21:22:37','2010-01-04 14:50:47',1,80,4),
	(308,'Ship','District Mail',0,'2009-11-30',157,'2009-11-30 21:22:37','2010-01-04 14:50:47',1,100,6),
	(311,'Design','number tickets',1,'2009-12-02',159,'2009-12-02 17:48:07','2010-01-04 14:50:48',1,10,2),
	(312,'Copy','',1,'2009-12-02',159,'2009-12-02 17:48:07','2010-01-04 14:50:48',1,70,3),
	(313,'Bindery','trim poster, cut tickets',1,'2009-12-02',159,'2009-12-02 17:48:07','2010-01-04 14:50:48',1,90,5),
	(314,'Ship','Call: 562-708-6169',1,'2009-12-04',159,'2009-12-02 17:48:07','2010-01-04 14:50:48',1,100,6),
	(315,'Design','numbers 2001-3001',1,'2009-12-02',160,'2009-12-02 22:30:53','2010-01-07 15:45:15',1,10,2),
	(316,'Copy','3 part ncr',1,'2009-12-08',160,'2009-12-02 22:30:53','2010-01-07 15:45:16',1,70,3),
	(317,'Bindery','padded and cut',1,'2009-12-08',160,'2009-12-02 22:30:53','2010-01-07 15:45:16',1,90,5),
	(318,'Ship','district mail',1,'2009-12-09',160,'2009-12-02 22:30:53','2010-01-07 15:45:16',1,100,6),
	(322,'Design','Proof OK',1,'2009-12-07',141,'2009-12-02 23:50:04','2010-01-04 14:50:49',NULL,11,2),
	(323,'Design','Final OK',1,'2009-12-07',141,'2009-12-02 23:51:07','2010-01-04 14:50:49',NULL,12,2),
	(324,'Design','',1,'2009-12-04',161,'2009-12-03 16:56:14','2010-01-08 16:48:53',1,10,2),
	(325,'Copy','Color: BC_9963332882.qxp:10_SingleSided',1,'2009-12-14',161,'2009-12-03 16:56:14','2010-01-08 16:48:53',1,70,3),
	(326,'Bindery','',1,'2010-01-07',161,'2009-12-03 16:56:14','2010-01-08 16:48:53',1,90,5),
	(327,'Ship','',1,'2010-01-08',161,'2009-12-03 16:56:14','2010-01-08 16:48:54',1,100,6),
	(328,'Press','Eddie Coco',NULL,NULL,162,'2009-12-03 19:45:58','2010-01-04 14:50:49',1,80,4),
	(329,'Ship','Pick up',0,'2009-12-10',162,'2009-12-03 19:45:58','2010-01-04 14:50:49',1,100,6),
	(330,'Copy','Color  ',1,'2009-12-03',163,'2009-12-03 20:57:30','2010-01-04 14:50:50',1,70,3),
	(331,'Bindery','cut',1,'2009-12-08',163,'2009-12-03 20:57:30','2010-01-04 14:50:50',1,90,5),
	(332,'Ship','will pick up.  call or email when ready',1,'2009-12-10',163,'2009-12-03 20:57:30','2010-01-04 14:50:50',1,100,6),
	(333,'Design','',1,'2009-12-04',164,'2009-12-04 00:00:47','2010-01-04 14:50:50',1,10,2),
	(334,'Copy','Color',1,'2009-12-04',164,'2009-12-04 00:00:47','2010-01-04 14:50:50',1,70,3),
	(335,'Bindery','cut tickets',1,'2009-12-04',164,'2009-12-04 00:00:47','2010-01-04 14:50:50',1,90,5),
	(336,'Ship','',1,'2009-12-14',164,'2009-12-04 00:00:47','2010-01-04 14:50:51',1,100,6),
	(337,'Design','',1,'2009-12-10',165,'2009-12-07 21:13:42','2010-01-04 14:50:51',1,10,2),
	(338,'Ship','Deliver to Kaye',0,'2009-12-14',165,'2009-12-07 21:13:42','2010-01-04 14:50:51',1,100,6),
	(339,'Design','',1,'2009-12-08',166,'2009-12-08 18:26:57','2010-01-04 14:50:51',1,10,2),
	(340,'Press','',0,'2009-12-08',166,'2009-12-08 18:26:57','2010-01-04 14:50:51',1,80,4),
	(341,'Bindery','',0,'2009-12-08',166,'2009-12-08 18:26:57','2010-01-04 14:50:51',1,90,5),
	(342,'Ship','',0,'2009-12-08',166,'2009-12-08 18:26:57','2010-01-04 14:50:51',1,100,6),
	(343,'Press','',0,'2009-12-10',167,'2009-12-08 19:27:50','2010-01-04 14:50:51',1,80,4),
	(344,'Ship','',0,'2009-12-11',167,'2009-12-08 19:27:50','2010-01-04 14:50:51',1,100,6),
	(345,'Design','put back page on back page of color cover',1,'2009-12-10',168,'2009-12-10 17:09:41','2010-01-04 14:50:51',1,10,2),
	(346,'Copy','Loara_Winter_fest_cover.pdf sent to dropbox',1,'2009-12-10',168,'2009-12-10 17:09:41','2010-01-04 14:50:52',1,70,3),
	(347,'Bindery','collate',1,'2009-12-10',168,'2009-12-10 17:09:41','2010-01-04 14:50:52',1,90,5),
	(348,'Ship','call when ready 562-708-6169',1,'2009-12-10',168,'2009-12-10 17:09:41','2010-01-04 14:50:52',1,100,6),
	(349,'Design','',1,'2009-12-15',169,'2009-12-10 19:15:13','2010-01-04 14:50:52',1,10,2),
	(350,'Copy','Color',1,'2009-12-15',169,'2009-12-10 19:15:13','2010-01-04 14:50:52',1,70,3),
	(351,'Ship','delivered to Jackie Counts',1,'2009-12-15',169,'2009-12-10 19:15:13','2010-01-04 14:50:52',1,100,6),
	(352,'Copy','',1,'2009-12-11',170,'2009-12-10 23:11:16','2010-01-04 14:50:53',1,70,3),
	(353,'Ship','',1,'2009-12-11',170,'2009-12-10 23:11:16','2010-01-04 14:50:53',1,100,6),
	(368,'Design','',1,'2009-12-14',175,'2009-12-11 21:38:13','2010-01-07 22:45:07',1,10,2),
	(369,'Copy','C: BC_2009/BC_996332883.qxp:16_1Side',1,'2010-01-06',175,'2009-12-11 21:38:13','2010-01-07 22:45:07',1,70,3),
	(370,'Bindery','cut',1,'2010-01-06',175,'2009-12-11 21:38:13','2010-01-07 22:45:08',1,90,5),
	(371,'Ship','',1,'2010-01-07',175,'2009-12-11 21:38:13','2010-01-07 22:57:02',1,100,6),
	(372,'Design','',NULL,NULL,176,'2009-12-11 21:44:24','2010-01-04 14:50:53',1,10,2),
	(373,'Press','Eddie Coco',NULL,NULL,176,'2009-12-11 21:44:24','2010-01-04 14:50:53',1,80,4),
	(374,'Ship','',NULL,NULL,176,'2009-12-11 21:44:25','2010-01-04 14:50:53',1,100,6),
	(375,'Copy','',0,'2009-12-11',177,'2009-12-11 22:15:04','2010-01-04 14:50:53',1,70,3),
	(376,'Bindery','collate/staple, hole punch',0,'2009-12-11',177,'2009-12-11 22:15:05','2010-01-04 14:50:54',1,90,5),
	(377,'Ship','district mail',0,'2009-12-11',177,'2009-12-11 22:15:05','2010-01-04 14:50:54',1,100,6),
	(378,'Copy','',1,'2009-12-11',178,'2009-12-11 22:18:45','2010-01-05 18:58:27',1,70,3),
	(379,'Bindery','hole punch',1,'2009-12-11',178,'2009-12-11 22:18:45','2010-01-05 18:58:27',1,90,5),
	(380,'Ship','',1,'2009-12-11',178,'2009-12-11 22:18:45','2010-01-05 18:58:27',1,100,6),
	(381,'Copy','',1,'2009-12-14',179,'2009-12-11 22:23:53','2010-01-05 17:42:50',1,70,3),
	(382,'Bindery','hole punch',1,'2009-12-14',179,'2009-12-11 22:23:53','2010-01-05 17:42:50',1,90,5),
	(383,'Ship','district mail',1,'2009-12-14',179,'2009-12-11 22:23:53','2010-01-05 17:42:50',1,100,6),
	(384,'Copy','back to back',NULL,NULL,180,'2009-12-11 22:44:20','2010-01-04 14:50:54',1,70,3),
	(385,'Bindery','collate/staple',NULL,NULL,180,'2009-12-11 22:44:20','2010-01-04 14:50:54',1,90,5),
	(386,'Ship','',NULL,NULL,180,'2009-12-11 22:44:20','2010-01-04 14:50:55',1,100,6),
	(387,'Copy','single and back to back',NULL,NULL,181,'2009-12-11 22:55:50','2010-01-04 14:50:55',1,70,3),
	(388,'Bindery','collate/staple, hole punch',NULL,NULL,181,'2009-12-11 22:55:50','2010-01-04 14:50:55',1,90,5),
	(389,'Ship','',NULL,NULL,181,'2009-12-11 22:55:50','2010-01-04 14:50:55',1,100,6),
	(390,'Copy','',1,'2009-12-11',182,'2009-12-11 23:08:27','2010-01-05 20:16:09',1,70,3),
	(391,'Bindery','cut',1,'2009-12-11',182,'2009-12-11 23:08:27','2010-01-05 20:16:10',1,90,5),
	(392,'Ship','district mail',1,'2009-12-15',182,'2009-12-11 23:08:27','2010-01-05 20:16:10',1,100,6),
	(393,'Copy','',NULL,NULL,183,'2009-12-11 23:13:44','2010-01-04 14:50:56',1,70,3),
	(394,'Bindery','cut and hole punch',NULL,NULL,183,'2009-12-11 23:13:44','2010-01-04 14:50:56',1,90,5),
	(395,'Ship','district mail',NULL,NULL,183,'2009-12-11 23:13:44','2010-01-04 14:50:56',1,100,6),
	(396,'Copy','',NULL,NULL,184,'2009-12-11 23:15:21','2010-01-04 14:50:56',1,70,3),
	(397,'Bindery','cut and hole punch',NULL,NULL,184,'2009-12-11 23:15:21','2010-01-04 14:50:56',1,90,5),
	(398,'Ship','district mail',NULL,NULL,184,'2009-12-11 23:15:21','2010-01-04 14:50:56',1,100,6),
	(401,'Design','',1,'2009-12-14',186,'2009-12-14 18:23:03','2010-01-07 20:57:17',1,10,2),
	(402,'Copy','C: BC_2009/BC_996332883.qxp:16_1Side',1,'2010-01-06',186,'2009-12-14 18:23:03','2010-01-07 20:57:17',1,70,3),
	(403,'Bindery','cut',1,'2010-01-06',186,'2009-12-14 18:23:03','2010-01-07 20:57:18',1,90,5),
	(404,'Ship','Call: 714-349-5934; Sent via district mail',1,'2010-01-07',186,'2009-12-14 18:23:03','2010-01-07 20:57:18',1,100,6),
	(407,'Press','outside vendor',0,'2009-12-14',187,'2009-12-14 22:13:45','2010-01-04 14:50:57',1,80,4),
	(408,'Ship','District Mail',0,'2009-12-14',187,'2009-12-14 22:13:45','2010-01-04 14:50:57',1,100,6),
	(409,'Copy','sample attached',NULL,NULL,188,'2009-12-14 22:16:56','2010-01-04 14:50:57',1,70,3),
	(410,'Bindery','cut',NULL,NULL,188,'2009-12-14 22:16:56','2010-01-04 14:50:57',1,90,5),
	(411,'Ship','District Mail',NULL,NULL,188,'2009-12-14 22:16:56','2010-01-04 14:50:57',1,100,6),
	(416,'Copy','see sample',NULL,NULL,190,'2009-12-15 17:00:00','2010-01-04 14:50:58',1,70,3),
	(417,'Ship','district mail',NULL,NULL,190,'2009-12-15 17:00:00','2010-01-04 14:50:58',1,100,6),
	(418,'Copy','see sample',NULL,NULL,191,'2009-12-15 17:01:41','2010-01-04 14:50:58',1,70,3),
	(419,'Bindery','cut',NULL,NULL,191,'2009-12-15 17:01:42','2010-01-04 14:50:58',1,90,5),
	(420,'Ship','district mail',NULL,NULL,191,'2009-12-15 17:01:42','2010-01-04 14:50:58',1,100,6),
	(421,'Ship','district mail',1,'2009-12-15',192,'2009-12-15 17:11:52','2010-01-05 20:32:43',1,100,6),
	(422,'Copy','see sample',1,'2009-12-14',193,'2009-12-15 17:39:31','2010-01-05 18:30:19',1,70,3),
	(423,'Bindery','collate',1,'2009-12-14',193,'2009-12-15 17:39:31','2010-01-05 18:30:20',1,90,5),
	(424,'Ship','',1,'2009-12-14',193,'2009-12-15 17:39:32','2010-01-05 18:30:20',1,100,6),
	(425,'Copy','',1,'2010-01-06',194,'2009-12-15 17:43:47','2010-01-07 16:52:35',1,70,3),
	(426,'Ship','district mail',1,'2010-01-06',194,'2009-12-15 17:43:47','2010-01-07 16:52:35',1,100,6),
	(427,'Copy','light pink',1,'2010-01-06',195,'2009-12-15 17:48:48','2010-01-07 16:51:56',1,70,3),
	(428,'Bindery','collate/staple 1,  hole punch',1,'2010-01-06',195,'2009-12-15 17:48:48','2010-01-07 16:51:56',1,90,5),
	(429,'Ship','district mail',1,'2010-01-06',195,'2009-12-15 17:48:49','2010-01-07 16:51:57',1,100,6),
	(430,'Copy','back to back, light green',1,'2010-01-06',196,'2009-12-15 17:52:35','2010-01-07 16:51:05',1,70,3),
	(431,'Bindery','collate/staple 1, hole punch',1,'2010-01-06',196,'2009-12-15 17:52:35','2010-01-07 16:51:06',1,90,5),
	(432,'Ship','',1,'2010-01-06',196,'2009-12-15 17:52:35','2010-01-07 16:51:06',1,100,6),
	(433,'Copy','back to back',NULL,NULL,197,'2009-12-15 18:09:53','2010-01-04 14:51:00',1,70,3),
	(434,'Bindery','staple 1, hole punch',NULL,NULL,197,'2009-12-15 18:09:53','2010-01-04 14:51:00',1,90,5),
	(435,'Ship','district mail',NULL,NULL,197,'2009-12-15 18:09:53','2010-01-04 14:51:00',1,100,6),
	(436,'Copy','light purple back to back',1,'2010-01-06',198,'2009-12-15 18:12:46','2010-01-07 16:55:52',1,70,3),
	(437,'Bindery','staple 1, hole punch',1,'2010-01-06',198,'2009-12-15 18:12:46','2010-01-07 16:55:52',1,90,5),
	(438,'Ship','district mail',1,'2010-01-06',198,'2009-12-15 18:12:47','2010-01-07 16:55:52',1,100,6),
	(439,'Copy','',1,'2009-12-15',199,'2009-12-15 18:15:39','2010-01-05 21:06:17',1,70,3),
	(440,'Bindery','laminate',1,'2009-12-15',199,'2009-12-15 18:15:39','2010-01-05 21:06:17',1,90,5),
	(441,'Ship','',1,'2009-12-15',199,'2009-12-15 18:15:39','2010-01-05 21:06:17',1,100,6),
	(442,'Copy','back to back 8.5x11',1,'2010-01-04',200,'2009-12-15 18:20:15','2010-01-06 16:51:29',1,70,3),
	(443,'Ship','district mail',1,'2010-01-04',200,'2009-12-15 18:20:16','2010-01-06 16:51:29',1,100,6),
	(444,'Copy','single and back to back',1,'2009-12-15',201,'2009-12-15 19:07:02','2010-01-05 19:02:38',1,70,3),
	(445,'Ship','',1,'2009-12-15',201,'2009-12-15 19:07:02','2010-01-05 19:02:38',1,100,6),
	(446,'Copy','',1,'2009-12-15',202,'2009-12-15 19:12:30','2010-01-05 22:31:34',1,70,3),
	(447,'Ship','district mail',1,'2009-12-15',202,'2009-12-15 19:12:30','2010-01-05 22:31:34',1,100,6),
	(448,'Copy','',1,'2009-12-15',203,'2009-12-15 21:20:01','2010-01-05 22:43:04',1,70,3),
	(449,'Ship','district mail',1,'2009-12-15',203,'2009-12-15 21:20:01','2010-01-05 22:43:04',1,100,6),
	(450,'Copy','',1,'2009-12-15',204,'2009-12-15 21:33:07','2010-01-05 21:36:29',1,70,3),
	(451,'Ship','district mail',1,'2009-12-15',204,'2009-12-15 21:33:08','2010-01-05 21:36:29',1,100,6),
	(452,'Design','need new clipart  proofed 5 times',1,'2009-12-16',205,'2009-12-15 22:04:55','2010-01-07 15:54:17',1,10,2),
	(453,'Copy','color',1,'2009-12-17',205,'2009-12-15 22:04:55','2010-01-07 15:54:17',1,70,3),
	(454,'Bindery','cut',1,'2009-12-17',205,'2009-12-15 22:04:55','2010-01-07 15:54:17',1,90,5),
	(455,'Ship',' Deliver to Human Resources',1,'2009-12-17',205,'2009-12-15 22:04:55','2010-01-07 15:54:17',1,100,6),
	(456,'Design','',1,'2010-01-09',206,'2009-12-15 22:19:28','2010-01-08 23:17:02',1,10,2),
	(457,'Copy','',0,'2009-12-15',206,'2009-12-15 22:19:29','2010-01-08 23:17:02',1,80,4),
	(458,'Ship','',0,'2009-12-15',206,'2009-12-15 22:19:29','2010-01-08 23:17:02',1,100,6),
	(459,'Design','Dupe Disks',1,'2009-12-22',207,'2009-12-16 16:46:44','2010-01-04 14:51:03',1,10,2),
	(460,'Ship','Customer waiting',1,'2009-12-22',207,'2009-12-16 16:46:44','2010-01-04 14:51:03',1,100,6),
	(467,'Design','',1,'2009-12-16',210,'2009-12-16 18:56:28','2010-01-07 20:24:21',1,10,2),
	(468,'Copy','Girls - HPDJ - Print from computer',1,'2009-12-16',210,'2009-12-16 18:56:28','2010-01-07 20:24:21',1,70,3),
	(469,'Ship','',0,'2009-12-16',210,'2009-12-16 18:56:28','2010-01-07 20:24:22',1,100,6),
	(470,'Copy','back to back',1,'2009-12-15',211,'2009-12-16 18:58:40','2010-01-05 21:58:51',1,70,3),
	(471,'Bindery','hole punch',1,'2009-12-15',211,'2009-12-16 18:58:40','2010-01-05 21:58:51',1,90,5),
	(472,'Ship','district mail',1,'2009-12-15',211,'2009-12-16 18:58:40','2010-01-05 21:58:51',1,100,6),
	(473,'Design','boys names received, set up, sent to HPDJ',1,'2010-01-07',210,'2009-12-16 18:59:03','2010-01-07 20:24:22',0,11,2),
	(474,'Copy','Boys - HPDJ - Print from computer',1,'2010-01-07',210,'2009-12-16 18:59:34','2010-01-07 20:24:22',0,71,3),
	(475,'Design','create form fields in pdf',NULL,NULL,212,'2009-12-16 20:36:54','2010-01-04 14:51:04',1,10,2),
	(476,'Ship','',NULL,NULL,212,'2009-12-16 20:36:54','2010-01-04 14:51:05',1,100,6),
	(477,'Copy','',1,'2009-12-15',213,'2009-12-18 18:41:00','2010-01-05 21:35:09',1,70,3),
	(478,'Ship','district mail',1,'2009-12-15',213,'2009-12-18 18:41:00','2010-01-05 21:35:09',1,100,6),
	(479,'Copy','',1,'2009-12-15',214,'2009-12-22 17:39:40','2010-01-05 22:30:22',1,70,3),
	(480,'Ship','',1,'2009-12-15',214,'2009-12-22 17:39:40','2010-01-05 22:30:22',1,100,6),
	(481,'Ship','pick up',0,'2010-01-07',215,'2009-12-22 17:55:24','2010-01-07 18:29:34',1,100,6),
	(530,'Copy','',1,'2009-12-15',245,'2009-12-28 17:13:08','2010-01-05 22:32:14',0,70,3),
	(531,'Ship','District Mail',1,'2009-12-15',245,'2009-12-28 17:13:08','2010-01-05 22:32:15',0,100,6),
	(532,'Copy','',1,'2009-12-15',246,'2009-12-28 17:16:23','2010-01-05 22:15:43',0,70,3),
	(533,'Ship','District Mail',1,'2009-12-15',246,'2009-12-28 17:16:23','2010-01-05 22:15:43',0,100,6),
	(534,'Copy','',1,'2009-12-15',247,'2009-12-28 17:19:19','2010-01-05 22:07:40',1,70,3),
	(535,'Ship','District Mail',1,'2009-12-15',247,'2009-12-28 17:19:19','2010-01-05 22:07:40',1,100,6),
	(536,'Copy','',1,'2009-12-15',248,'2009-12-28 17:22:25','2010-01-05 22:28:06',0,70,3),
	(537,'Ship','District Mail',1,'2009-12-15',248,'2009-12-28 17:22:25','2010-01-05 22:28:07',0,100,6),
	(538,'Copy','back to back',1,'2009-12-15',249,'2009-12-28 17:30:01','2010-01-05 22:29:34',0,70,3),
	(539,'Bindery','hole punch',1,'2009-12-15',249,'2009-12-28 17:30:01','2010-01-05 22:29:34',0,90,5),
	(540,'Ship','district mail',1,'2009-12-15',249,'2009-12-28 17:30:01','2010-01-05 22:29:34',0,100,6),
	(541,'Copy','UPDATE - 200 copies',1,'2010-01-04',250,'2009-12-28 17:33:42','2010-01-06 21:17:25',0,70,3),
	(543,'Ship','',1,'2010-01-04',250,'2009-12-28 17:33:42','2010-01-06 21:17:25',0,100,6),
	(546,'Copy','',1,'2009-12-15',252,'2009-12-28 17:46:02','2010-01-05 22:33:05',0,70,3),
	(547,'Ship','district mail',1,'2009-12-15',252,'2009-12-28 17:46:02','2010-01-05 22:33:05',0,100,6),
	(548,'Copy','13 originals - 50 copies',1,'2009-12-15',253,'2009-12-28 17:53:10','2010-01-05 20:35:06',1,70,3),
	(549,'Bindery','collate staple',1,'2009-12-15',253,'2009-12-28 17:53:10','2010-01-05 20:35:06',1,90,5),
	(550,'Ship','',1,'2009-12-15',253,'2009-12-28 17:53:10','2010-01-05 20:35:06',1,100,6),
	(551,'Copy','14 originals - 50 copies',1,'2009-12-15',254,'2009-12-28 17:59:46','2010-01-05 20:53:57',1,70,3),
	(552,'Bindery','collate staple',1,'2009-12-15',254,'2009-12-28 17:59:46','2010-01-05 20:53:57',0,90,5),
	(553,'Ship','',1,'2009-12-15',254,'2009-12-28 17:59:46','2010-01-05 20:53:57',0,100,6),
	(554,'Copy','',1,'2010-01-02',255,'2009-12-28 18:02:20','2010-01-07 18:03:34',1,70,3),
	(555,'Bindery','hole punch',1,'2010-01-02',255,'2009-12-28 18:02:20','2010-01-07 18:03:34',1,90,5),
	(556,'Ship','',1,'2010-01-02',255,'2009-12-28 18:02:20','2010-01-07 18:03:34',1,100,6),
	(557,'Copy','',1,'2009-12-15',256,'2009-12-28 18:06:59','2010-01-05 23:19:25',1,70,3),
	(558,'Ship','District Mail',1,'2009-12-15',256,'2009-12-28 18:06:59','2010-01-05 23:19:25',1,100,6),
	(559,'Copy','Astro Pink',1,'2009-12-15',257,'2009-12-28 18:08:27','2010-01-05 23:20:04',0,70,3),
	(560,'Ship','',1,'2009-12-15',257,'2009-12-28 18:08:28','2010-01-05 23:20:04',0,100,6),
	(561,'Copy','back to back',0,'2009-12-28',258,'2009-12-28 18:11:01','2010-01-04 14:51:09',1,70,3),
	(562,'Ship','',0,'2009-12-28',258,'2009-12-28 18:11:01','2010-01-04 14:51:09',1,100,6),
	(563,'Copy','',0,'2009-12-28',259,'2009-12-28 18:14:59','2010-01-04 14:51:09',NULL,70,3),
	(564,'Ship','',0,'2009-12-28',259,'2009-12-28 18:14:59','2010-01-04 14:51:09',NULL,100,6),
	(565,'Copy','',1,'2009-12-15',260,'2009-12-28 18:16:46','2010-01-05 23:20:45',0,70,3),
	(566,'Ship','',1,'2009-12-15',260,'2009-12-28 18:16:46','2010-01-05 23:20:45',0,100,6),
	(567,'Copy','',1,'2010-01-07',261,'2009-12-28 18:18:52','2010-01-08 16:50:06',1,70,3),
	(568,'Ship','District Mail',1,'2010-01-07',261,'2009-12-28 18:18:52','2010-01-08 16:50:06',1,100,6),
	(569,'Copy','',NULL,NULL,262,'2009-12-28 18:20:18','2010-01-04 14:51:09',1,70,3),
	(570,'Ship','',NULL,NULL,262,'2009-12-28 18:20:18','2010-01-04 14:51:09',1,100,6),
	(571,'Copy','',1,'2009-12-15',263,'2009-12-28 18:22:20','2010-01-05 22:59:34',0,70,3),
	(572,'Ship','',1,'2009-12-15',263,'2009-12-28 18:22:20','2010-01-05 22:59:34',0,100,6),
	(573,'Copy','',NULL,NULL,264,'2009-12-28 18:24:18','2010-01-04 14:51:10',1,70,3),
	(574,'Ship','District Mail',NULL,NULL,264,'2009-12-28 18:24:18','2010-01-04 14:51:10',1,100,6),
	(575,'Copy','',1,'2009-12-15',265,'2009-12-28 18:26:13','2010-01-05 23:21:48',1,70,3),
	(576,'Ship','District Mail',1,'2009-12-15',265,'2009-12-28 18:26:13','2010-01-05 23:21:48',1,100,6),
	(577,'Copy','',1,'2009-12-23',266,'2009-12-28 18:28:30','2010-01-05 23:50:38',1,70,3),
	(578,'Ship','',1,'2009-12-23',266,'2009-12-28 18:28:30','2010-01-05 23:50:38',1,100,6),
	(579,'Copy','',1,'2010-01-05',267,'2009-12-28 18:30:10','2010-01-07 16:28:14',0,70,3),
	(580,'Ship','District Mail',1,'2010-01-05',267,'2009-12-28 18:30:10','2010-01-07 16:28:14',0,100,6),
	(581,'Copy','',1,'2009-12-15',268,'2009-12-28 18:33:45','2010-01-05 22:56:26',0,70,3),
	(582,'Ship','',1,'2009-12-15',268,'2009-12-28 18:33:45','2010-01-05 22:56:26',0,100,6),
	(583,'Copy','',1,'2009-12-15',269,'2009-12-28 18:52:37','2010-01-05 22:58:39',1,70,3),
	(584,'Ship','',1,'2009-12-15',269,'2009-12-28 18:52:37','2010-01-05 22:58:39',1,100,6),
	(585,'Copy','',1,'2009-12-15',270,'2009-12-28 21:05:30','2010-01-05 22:55:45',1,70,3),
	(586,'Ship','',1,'2009-12-15',270,'2009-12-28 21:05:30','2010-01-05 22:55:45',1,100,6),
	(590,'Copy','NCR',NULL,NULL,272,'2009-12-28 21:23:59','2010-01-04 14:51:11',1,70,3),
	(591,'Bindery','',NULL,NULL,272,'2009-12-28 21:24:00','2010-01-04 14:51:12',1,90,5),
	(592,'Ship','Warehouse District Mail',NULL,NULL,272,'2009-12-28 21:24:00','2010-01-04 14:51:12',1,100,6),
	(593,'Copy','',1,'2009-12-23',273,'2009-12-28 21:32:12','2010-01-05 23:34:21',1,70,3),
	(594,'Ship','',1,'2009-12-23',273,'2009-12-28 21:32:12','2010-01-05 23:34:21',1,100,6),
	(595,'Copy','',1,'2009-12-17',274,'2009-12-28 21:41:55','2010-01-05 23:22:58',1,70,3),
	(596,'Ship','',1,'2009-12-17',274,'2009-12-28 21:41:55','2010-01-05 23:22:58',1,100,6),
	(597,'Copy','',1,'2009-12-17',275,'2009-12-28 21:51:25','2010-01-05 23:23:46',1,70,3),
	(598,'Ship','',1,'2009-12-17',275,'2009-12-28 21:51:26','2010-01-05 23:23:46',1,100,6),
	(599,'Copy','',1,'2009-12-17',276,'2009-12-28 22:00:11','2010-01-05 23:24:58',0,70,3),
	(600,'Ship','',1,'2009-12-17',276,'2009-12-28 22:00:11','2010-01-05 23:24:58',0,100,6),
	(601,'Copy','',1,'2009-12-23',277,'2009-12-28 22:01:38','2010-01-05 23:40:14',1,70,3),
	(602,'Bindery','hole punch',1,'2009-12-23',277,'2009-12-28 22:01:38','2010-01-05 23:40:14',1,90,5),
	(603,'Ship','',1,'2009-12-23',277,'2009-12-28 22:01:38','2010-01-05 23:40:15',1,100,6),
	(604,'Copy','do not collate',NULL,NULL,278,'2009-12-28 22:05:44','2010-01-04 14:51:13',1,70,3),
	(605,'Bindery','hole punch',NULL,NULL,278,'2009-12-28 22:05:44','2010-01-04 14:51:13',1,90,5),
	(606,'Ship','',NULL,NULL,278,'2009-12-28 22:05:44','2010-01-04 14:51:13',1,100,6),
	(607,'Copy','do not collate',0,'2009-12-28',279,'2009-12-28 22:08:44','2010-01-04 14:51:13',NULL,70,3),
	(608,'Bindery','hole punch',0,'2009-12-28',279,'2009-12-28 22:08:45','2010-01-04 14:51:14',NULL,90,5),
	(609,'Ship','',0,'2009-12-28',279,'2009-12-28 22:08:45','2010-01-04 14:51:14',NULL,100,6),
	(610,'Copy','',NULL,NULL,280,'2009-12-28 22:13:05','2010-01-04 14:51:14',1,70,3),
	(611,'Ship','',NULL,NULL,280,'2009-12-28 22:13:05','2010-01-04 14:51:14',1,100,6),
	(655,'Design','made posters in quark and indesign',1,'2010-01-04',293,'2010-01-04 15:13:19','2010-01-07 20:45:46',1,10,2),
	(656,'Copy','color printer',1,'2010-01-06',293,'2010-01-04 15:13:19','2010-01-07 20:45:46',1,70,3),
	(657,'Bindery','mount large posters to foam-core',1,'2010-01-08',293,'2010-01-04 15:13:19','2010-01-08 22:25:47',1,90,5),
	(658,'Ship','pick up',1,'2010-01-08',293,'2010-01-04 15:13:19','2010-01-08 22:25:55',1,100,6),
	(659,'Design','template exists',NULL,NULL,294,'2010-01-04 15:55:49','2010-01-04 15:55:49',1,10,2),
	(660,'Press','1000 envelopes',NULL,NULL,294,'2010-01-04 15:55:49','2010-01-04 15:55:49',1,80,4),
	(661,'Ship','',NULL,NULL,294,'2010-01-04 15:55:49','2010-01-04 15:55:49',1,100,6),
	(666,'Design','set the poster up for 11 x 17',NULL,NULL,296,'2010-01-04 16:20:28','2010-01-04 16:20:28',1,10,2),
	(667,'Copy','',NULL,NULL,296,'2010-01-04 16:20:28','2010-01-04 16:20:28',1,70,3),
	(668,'Bindery','cut tickets to size',NULL,NULL,296,'2010-01-04 16:20:28','2010-01-04 16:20:28',1,90,5),
	(669,'Ship','',NULL,NULL,296,'2010-01-04 16:20:28','2010-01-04 16:20:28',1,100,6),
	(670,'Design','set the poster up for 11 x 17',1,'2010-01-08',297,'2010-01-04 16:27:40','2010-01-07 17:06:47',1,10,2),
	(671,'Copy','color',0,'2010-01-08',297,'2010-01-04 16:27:40','2010-01-07 17:06:47',1,70,3),
	(672,'Bindery','cut tickets to size',0,'2010-01-04',297,'2010-01-04 16:27:41','2010-01-07 17:06:47',1,90,5),
	(673,'Ship','District Mail',0,'2010-01-04',297,'2010-01-04 16:27:41','2010-01-07 17:06:47',1,100,6),
	(674,'Copy','back to back, light green',1,'2010-01-04',298,'2010-01-04 16:32:51','2010-01-06 16:18:10',1,70,3),
	(675,'Bindery','spiral bind',1,'2010-01-04',298,'2010-01-04 16:32:51','2010-01-06 16:18:10',1,90,5),
	(676,'Ship','district mail',1,'2010-01-04',298,'2010-01-04 16:32:51','2010-01-06 16:18:10',1,100,6),
	(677,'Copy','450 copies single sided',1,'2009-12-23',299,'2010-01-04 16:35:44','2010-01-06 00:36:56',1,70,3),
	(678,'Ship','District Mail',1,'2009-12-23',299,'2010-01-04 16:35:44','2010-01-06 00:36:56',1,100,6),
	(679,'Copy','back to back - collate',1,'2009-12-23',300,'2010-01-04 16:39:23','2010-01-05 23:39:23',1,70,3),
	(680,'Ship','District Mail',1,'2009-12-23',300,'2010-01-04 16:39:23','2010-01-05 23:39:23',1,100,6),
	(681,'Copy','back to back - w/plastic covers - Spiral bind',1,'2010-01-06',301,'2010-01-04 16:56:07','2010-01-07 18:02:08',1,70,3),
	(682,'Ship','',1,'2010-01-06',301,'2010-01-04 16:56:07','2010-01-07 18:02:09',1,100,6),
	(683,'Copy','50 copies - any (yellow), a light color',1,'2009-12-23',302,'2010-01-04 17:00:58','2010-01-05 23:37:52',1,70,3),
	(684,'Bindery','cut to size',1,'2009-12-23',302,'2010-01-04 17:00:58','2010-01-05 23:37:52',1,90,5),
	(685,'Ship','',1,'2009-12-23',302,'2010-01-04 17:00:58','2010-01-05 23:37:52',1,100,6),
	(686,'Copy','15 originals - back to back',NULL,NULL,303,'2010-01-04 17:09:09','2010-01-04 17:09:09',1,70,3),
	(687,'Ship','',NULL,NULL,303,'2010-01-04 17:09:09','2010-01-04 17:09:09',1,100,6),
	(688,'Design','from template',1,'2010-01-04',304,'2010-01-04 18:07:57','2010-01-07 22:46:22',1,10,2),
	(689,'Copy','Color printer - Business Card paper',1,'2010-01-07',304,'2010-01-04 18:07:57','2010-01-07 22:46:22',1,70,3),
	(690,'Bindery','cut to size',1,'2010-01-07',304,'2010-01-04 18:07:57','2010-01-07 22:46:22',1,90,5),
	(691,'Ship','',1,'2010-01-07',304,'2010-01-04 18:07:57','2010-01-07 22:57:11',1,100,6),
	(692,'Design - Proof','Proof Sent',1,'2010-01-04',293,'2010-01-04 19:12:58','2010-01-07 20:45:46',0,11,2),
	(693,'Design OK','Proof OK needed',1,'2010-01-05',293,'2010-01-04 19:14:13','2010-01-07 20:45:46',0,12,2),
	(694,'Design','',1,'2010-01-04',305,'2010-01-04 21:01:05','2010-01-04 21:02:04',1,10,2),
	(695,'Press','',0,'2010-01-04',305,'2010-01-04 21:01:05','2010-01-04 21:02:04',1,80,4),
	(696,'Ship','',0,'2010-01-04',305,'2010-01-04 21:01:05','2010-01-04 21:02:04',1,100,6),
	(697,'Design','outside venter - Coco',NULL,NULL,306,'2010-01-04 21:05:52','2010-01-04 21:05:52',1,10,2),
	(698,'Ship','',NULL,NULL,306,'2010-01-04 21:05:52','2010-01-04 21:05:52',1,100,6),
	(699,'Copy','',1,'2010-01-04',307,'2010-01-04 21:08:08','2010-01-06 16:15:41',1,70,3),
	(700,'Ship','',1,'2010-01-04',307,'2010-01-04 21:08:08','2010-01-06 16:15:42',1,100,6),
	(701,'Copy','',1,'2010-01-04',308,'2010-01-04 21:09:37','2010-01-06 16:13:10',1,70,3),
	(702,'Ship','',1,'2010-01-04',308,'2010-01-04 21:09:37','2010-01-06 16:13:10',1,100,6),
	(703,'Copy','',NULL,NULL,309,'2010-01-04 23:08:03','2010-01-04 23:08:03',1,70,3),
	(704,'Ship','district mail',NULL,NULL,309,'2010-01-04 23:08:03','2010-01-04 23:08:03',1,100,6),
	(705,'Copy','',1,'2010-01-04',310,'2010-01-04 23:12:38','2010-01-06 20:15:51',1,70,3),
	(706,'Ship','',1,'2010-01-04',310,'2010-01-04 23:12:38','2010-01-06 20:15:51',1,100,6),
	(707,'Copy','11 originals - 1100 copies - collate',1,'2010-01-05',311,'2010-01-04 23:14:57','2010-01-06 21:24:43',1,70,3),
	(708,'Ship','',1,'2010-01-05',311,'2010-01-04 23:14:57','2010-01-06 21:24:43',1,100,6),
	(709,'Copy','22 originals - 32 copies',0,'2010-01-05',312,'2010-01-04 23:17:54','2010-01-06 21:18:32',1,70,3),
	(710,'Ship','',1,'2010-01-05',312,'2010-01-04 23:17:54','2010-01-06 21:18:33',1,100,6),
	(711,'Copy','216 copies of 2 originals',1,'2010-01-05',313,'2010-01-05 17:25:49','2010-01-05 18:57:33',1,70,3),
	(712,'Ship','',1,'2009-12-14',313,'2010-01-05 17:25:49','2010-01-05 18:57:34',1,100,6),
	(713,'Copy','350 postcards',1,'2009-12-14',314,'2010-01-05 17:35:49','2010-01-05 18:58:04',1,70,3),
	(714,'Bindery','cut to size',1,'2009-12-14',314,'2010-01-05 17:35:49','2010-01-05 18:58:04',1,90,5),
	(715,'Ship','',1,'2009-12-14',314,'2010-01-05 17:35:49','2010-01-05 18:58:04',1,100,6),
	(716,'Copy','6 originals - 250 copies',1,'2009-12-14',315,'2010-01-05 17:40:50','2010-01-05 18:58:54',1,70,3),
	(717,'Bindery','hole punch',1,'2009-12-14',315,'2010-01-05 17:40:50','2010-01-05 18:58:54',1,90,5),
	(718,'Ship','',1,'2009-12-14',315,'2010-01-05 17:40:50','2010-01-05 18:58:54',1,100,6),
	(719,'Copy','6 originals - 100 each - double sided (200 images)',1,'2009-12-14',316,'2010-01-05 17:49:24','2010-01-05 18:59:15',1,70,3),
	(720,'Bindery','fold',1,'2009-12-14',316,'2010-01-05 17:49:25','2010-01-05 18:59:15',1,90,5),
	(721,'Ship','',1,'2009-12-14',316,'2010-01-05 17:49:25','2010-01-05 18:59:15',1,100,6),
	(722,'Copy','31 originals - 700 copies',1,'2009-12-14',317,'2010-01-05 17:54:30','2010-01-05 18:59:52',1,70,3),
	(723,'Bindery','hole punch',1,'2009-12-14',317,'2010-01-05 17:54:30','2010-01-05 18:59:52',1,90,5),
	(724,'Ship','District Mail',1,'2009-12-14',317,'2010-01-05 17:54:30','2010-01-05 18:59:52',1,100,6),
	(725,'Copy','26 originals - 75 copies',1,'2009-12-14',318,'2010-01-05 18:37:53','2010-01-05 18:44:53',1,70,3),
	(726,'Bindery','collate staple',1,'2009-12-14',318,'2010-01-05 18:37:53','2010-01-05 18:44:53',1,90,5),
	(727,'Ship','',1,'2009-12-14',318,'2010-01-05 18:37:53','2010-01-05 18:44:53',1,100,6),
	(728,'Copy','3 originals - see notes',1,'2009-12-15',319,'2010-01-05 19:06:29','2010-01-05 19:07:09',1,70,3),
	(729,'Bindery','hole punch',1,'2009-12-15',319,'2010-01-05 19:06:29','2010-01-05 19:07:09',1,90,5),
	(730,'Ship','District Mail',1,'2009-12-15',319,'2010-01-05 19:06:29','2010-01-05 19:07:09',1,100,6),
	(731,'Copy','9 originals - 40 copies',1,'2009-12-15',320,'2010-01-05 20:19:30','2010-01-05 20:23:51',1,70,3),
	(732,'Ship','',1,'2009-12-15',320,'2010-01-05 20:19:30','2010-01-05 20:23:51',1,100,6),
	(733,'Copy','13 originals - 40 copies',1,'2009-12-15',321,'2010-01-05 20:22:37','2010-01-05 20:23:18',1,70,3),
	(734,'Bindery','collate - 1 staple',1,'2009-12-15',321,'2010-01-05 20:22:37','2010-01-05 20:23:18',1,90,5),
	(735,'Ship','',1,'2009-12-15',321,'2010-01-05 20:22:38','2010-01-05 20:23:19',1,100,6),
	(736,'Copy','18 originals - 700 copies',1,'2009-12-15',322,'2010-01-05 20:27:18','2010-01-05 20:27:18',1,70,3),
	(737,'Bindery','hole punch',1,'2009-12-15',322,'2010-01-05 20:27:18','2010-01-05 20:27:18',1,90,5),
	(738,'Ship','',1,'2009-12-15',322,'2010-01-05 20:27:18','2010-01-05 20:27:18',1,100,6),
	(739,'Copy','3 originals - 900 copies (lesson); 450 (circles)',1,'2009-12-15',192,'2010-01-05 20:32:04','2010-01-05 20:32:43',0,70,3),
	(740,'Design','',NULL,NULL,323,'2010-01-05 20:44:32','2010-01-05 20:44:32',1,10,2),
	(741,'Press','',NULL,NULL,323,'2010-01-05 20:44:32','2010-01-05 20:44:32',1,80,4),
	(742,'Ship','',NULL,NULL,323,'2010-01-05 20:44:32','2010-01-05 20:44:32',1,100,6),
	(743,'Copy','6 originals - 500 copies - blue paper',1,'2009-12-15',324,'2010-01-05 21:23:38','2010-01-05 21:24:35',1,70,3),
	(744,'Bindery','collate',1,'2009-12-15',324,'2010-01-05 21:23:38','2010-01-05 21:24:35',1,90,5),
	(745,'Ship','',1,'2009-12-15',324,'2010-01-05 21:23:38','2010-01-05 21:24:35',1,100,6),
	(746,'Copy','8 originals - 12 copies',1,'2009-12-15',325,'2010-01-05 22:50:55','2010-01-05 22:53:12',1,70,3),
	(747,'Bindery','collate',1,'2009-12-15',325,'2010-01-05 22:50:55','2010-01-05 22:53:12',1,90,5),
	(748,'Ship','',1,'2009-12-15',325,'2010-01-05 22:50:55','2010-01-05 22:53:12',1,100,6),
	(749,'Copy','18 originals - 240 copies',1,'2009-12-15',326,'2010-01-05 23:06:36','2010-01-05 23:07:23',1,70,3),
	(750,'Bindery','collate - DO NOT STAPLE - hole punch',1,'2009-12-15',326,'2010-01-05 23:06:36','2010-01-05 23:07:23',1,90,5),
	(751,'Ship','',1,'2009-12-15',326,'2010-01-05 23:06:36','2010-01-05 23:07:23',1,100,6),
	(752,'Design - Flyer','',1,'2010-01-08',327,'2010-01-05 23:19:03','2010-01-07 17:17:00',1,10,2),
	(753,'Copy - Flyer','',0,'2010-01-07',327,'2010-01-05 23:19:03','2010-01-07 17:17:01',1,70,3),
	(754,'Ship','',0,'2010-01-07',327,'2010-01-05 23:19:03','2010-01-07 17:17:01',1,100,6),
	(755,'Design','',NULL,NULL,328,'2010-01-05 23:24:45','2010-01-05 23:24:45',1,10,2),
	(756,'Copy','',NULL,NULL,328,'2010-01-05 23:24:45','2010-01-05 23:24:45',1,70,3),
	(757,'Bindery','cut tix to size',NULL,NULL,328,'2010-01-05 23:24:45','2010-01-05 23:24:45',1,90,5),
	(758,'Ship','',NULL,NULL,328,'2010-01-05 23:24:45','2010-01-05 23:24:45',1,100,6),
	(759,'Copy','2 originals - 45 copies',1,'2009-12-17',329,'2010-01-05 23:26:49','2010-01-05 23:27:22',1,70,3),
	(760,'Ship','District Mail',1,'2009-12-17',329,'2010-01-05 23:26:49','2010-01-05 23:27:22',1,100,6),
	(761,'Copy','4 originals - 205 copies',1,'2009-12-17',330,'2010-01-05 23:29:07','2010-01-06 00:38:03',1,70,3),
	(762,'Bindery','collate - 1 staple',1,'2009-12-17',330,'2010-01-05 23:29:07','2010-01-06 00:38:03',1,90,5),
	(763,'Ship','District Mail',1,'2009-12-17',330,'2010-01-05 23:29:08','2010-01-06 00:38:03',1,100,6),
	(764,'Design','',0,'2010-01-05',331,'2010-01-05 23:29:52','2010-01-05 23:56:19',1,10,2),
	(765,'Copy','',0,'2010-01-05',331,'2010-01-05 23:29:52','2010-01-05 23:56:20',1,70,3),
	(766,'Ship','',0,'2010-01-05',331,'2010-01-05 23:29:52','2010-01-05 23:56:20',1,100,6),
	(767,'Copy','5 work training + 2 atten cards',1,'2009-12-17',332,'2010-01-05 23:32:03','2010-01-05 23:33:29',1,70,3),
	(768,'Bindery','collate',1,'2009-12-17',332,'2010-01-05 23:32:04','2010-01-05 23:33:29',1,90,5),
	(769,'Ship','',1,'2009-12-17',332,'2010-01-05 23:32:04','2010-01-05 23:33:29',1,100,6),
	(774,'Copy','19 originals - 35 copies',1,'2009-12-23',334,'2010-01-05 23:35:58','2010-01-06 00:36:22',1,70,3),
	(775,'Ship','',1,'2009-12-23',334,'2010-01-05 23:35:58','2010-01-06 00:36:22',1,100,6),
	(776,'Copy','1 original - 150 copies',1,'2009-12-23',335,'2010-01-05 23:41:54','2010-01-05 23:42:43',1,70,3),
	(777,'Ship','',1,'2009-12-23',335,'2010-01-05 23:41:54','2010-01-05 23:42:43',1,100,6),
	(778,'Copy','2 originals - 900 copies',1,'2009-12-23',336,'2010-01-05 23:48:22','2010-01-05 23:48:57',1,70,3),
	(779,'Ship','District Mail',1,'2009-12-23',336,'2010-01-05 23:48:22','2010-01-05 23:48:57',1,100,6),
	(780,'Copy','8 originals - 150 copies',1,'2009-12-23',337,'2010-01-05 23:52:40','2010-01-05 23:53:51',1,70,3),
	(781,'Ship','',1,'2009-12-23',337,'2010-01-05 23:52:40','2010-01-05 23:53:51',1,100,6),
	(782,'Copy','14 originals - 150 copies',1,'2009-12-23',338,'2010-01-05 23:55:54','2010-01-05 23:56:34',1,70,3),
	(783,'Ship','',1,'2009-12-23',338,'2010-01-05 23:55:55','2010-01-05 23:56:35',1,100,6),
	(784,'Copy','160 (107 bw; 53 color) - 15 copies',1,'2009-12-23',339,'2010-01-05 23:58:46','2010-01-05 23:59:35',1,70,3),
	(785,'Ship','Pick up',1,'2009-12-23',339,'2010-01-05 23:58:46','2010-01-05 23:59:36',1,100,6),
	(786,'Copy','3 originals - 40 copies',1,'2010-01-04',340,'2010-01-06 00:01:33','2010-01-06 00:02:02',1,70,3),
	(787,'Ship','',1,'2010-01-04',340,'2010-01-06 00:01:33','2010-01-06 00:02:02',1,100,6),
	(788,'Copy','136 originals - 3 copies - collate only',1,'2010-01-04',341,'2010-01-06 00:12:48','2010-01-06 00:13:33',1,70,3),
	(789,'Bindery','hole punch',1,'2010-01-04',341,'2010-01-06 00:12:48','2010-01-06 00:13:33',1,90,5),
	(790,'Ship','',1,'2010-01-04',341,'2010-01-06 00:12:48','2010-01-06 00:13:33',1,100,6),
	(791,'Copy','3 originals - 1400 copies',1,'2010-01-05',342,'2010-01-06 00:17:00','2010-01-06 00:20:18',1,70,3),
	(792,'Bindery','collate - 1 staple - separate w/ slip sheet every 40',1,'2010-01-05',342,'2010-01-06 00:17:00','2010-01-06 00:20:18',1,90,5),
	(793,'Ship','',1,'2010-01-05',342,'2010-01-06 00:17:00','2010-01-06 00:20:18',1,100,6),
	(794,'Copy','20 originals - 15 copies',1,'2010-01-04',343,'2010-01-06 00:29:09','2010-01-06 00:35:25',1,70,3),
	(795,'Bindery','collate',1,'2010-01-04',343,'2010-01-06 00:29:09','2010-01-06 00:35:25',1,90,5),
	(796,'Ship','',1,'2010-01-04',343,'2010-01-06 00:29:09','2010-01-06 00:35:25',1,100,6),
	(797,'Copy','17 originals - 50 sets of 40 ea (2000)',1,'2010-01-04',344,'2010-01-06 16:36:43','2010-01-06 16:37:12',1,70,3),
	(798,'Bindery','Collate - 1 staple - separate w/ slip sheet',1,'2010-01-04',344,'2010-01-06 16:36:43','2010-01-06 16:37:12',1,90,5),
	(799,'Ship','',1,'2010-01-04',344,'2010-01-06 16:36:43','2010-01-06 16:37:12',1,100,6),
	(800,'Copy','17 originals - 44 sets of 40 ea (1760)',1,'2010-01-04',345,'2010-01-06 16:41:54','2010-01-06 16:44:29',1,70,3),
	(801,'Bindery','Collate - 1 staple - separate w/ slip sheet',1,'2010-01-04',345,'2010-01-06 16:41:54','2010-01-06 16:44:29',1,90,5),
	(802,'Ship','',1,'2010-01-04',345,'2010-01-06 16:41:54','2010-01-06 16:44:29',1,100,6),
	(803,'Copy','2 originals - 50 copies',1,'2010-01-04',346,'2010-01-06 16:43:08','2010-01-06 16:43:08',1,70,3),
	(804,'Ship','',1,'2010-01-04',346,'2010-01-06 16:43:09','2010-01-06 16:43:09',1,100,6),
	(805,'Copy','9 pages (16 sides) originals - 230 copies back to back',1,'2010-01-04',347,'2010-01-06 16:49:16','2010-01-06 16:49:44',1,70,3),
	(806,'Bindery','slip sheet - hole punch',1,'2010-01-04',347,'2010-01-06 16:49:16','2010-01-06 16:49:44',1,90,5),
	(807,'Ship','',1,'2010-01-04',347,'2010-01-06 16:49:16','2010-01-06 16:49:44',1,100,6),
	(808,'Copy','2 originals - 44 copies',1,'2010-01-04',348,'2010-01-06 16:52:47','2010-01-06 16:52:47',1,70,3),
	(809,'Ship','',1,'2010-01-04',348,'2010-01-06 16:52:48','2010-01-06 16:52:48',1,100,6),
	(810,'Copy','10 originals - 150 copies - back to back',1,'2010-01-06',349,'2010-01-06 16:55:29','2010-01-06 16:56:09',1,70,3),
	(811,'Ship','',1,'2010-01-06',349,'2010-01-06 16:55:29','2010-01-06 16:56:10',1,100,6),
	(812,'Copy','13 originals - 300 copies - back to back',1,'2010-01-04',350,'2010-01-06 17:10:36','2010-01-06 17:10:36',1,70,3),
	(813,'Ship','',1,'2010-01-04',350,'2010-01-06 17:10:36','2010-01-06 17:10:36',1,100,6),
	(814,'Design','format pdfs for booklet',0,'2010-01-06',351,'2010-01-06 17:17:54','2010-01-07 22:48:32',1,10,2),
	(815,'Copy','40 pages - 70 copies - back to back book',0,'2010-01-06',351,'2010-01-06 17:17:54','2010-01-07 22:48:32',1,70,3),
	(816,'Bindery','staple bind',0,'2010-01-06',351,'2010-01-06 17:17:54','2010-01-07 22:48:32',1,90,5),
	(817,'Ship','',0,'2010-01-06',351,'2010-01-06 17:17:54','2010-01-07 22:48:32',1,100,6),
	(818,'Copy','19 originals - 900 sets',1,'2010-01-05',352,'2010-01-06 21:12:07','2010-01-06 21:12:37',1,70,3),
	(819,'Bindery','collate - 1 staple',1,'2010-01-05',352,'2010-01-06 21:12:07','2010-01-06 21:12:37',1,90,5),
	(820,'Ship','',1,'2010-01-05',352,'2010-01-06 21:12:07','2010-01-06 21:12:37',1,100,6),
	(821,'Copy','2 originals - 300 copies - back to back',1,'2010-01-04',353,'2010-01-06 21:15:12','2010-01-06 21:15:53',1,70,3),
	(822,'Ship','',1,'2010-01-04',353,'2010-01-06 21:15:12','2010-01-06 21:15:53',1,100,6),
	(823,'Copy','5 originals - 1800 copies - back to back - stacks of 45',1,'2010-01-05',354,'2010-01-06 21:20:40','2010-01-06 21:21:18',1,70,3),
	(824,'Bindery','collate',1,'2010-01-05',354,'2010-01-06 21:20:41','2010-01-06 21:21:19',1,90,5),
	(825,'Ship','',1,'2010-01-05',354,'2010-01-06 21:20:41','2010-01-06 21:21:19',1,100,6),
	(826,'Copy','5 originals - 1350 copies - back to back - stacks of 45',1,'2010-01-05',355,'2010-01-06 21:22:51','2010-01-06 21:23:22',1,70,3),
	(827,'Bindery','collate - 1 staple',1,'2010-01-05',355,'2010-01-06 21:22:52','2010-01-06 21:23:22',1,90,5),
	(828,'Ship','',1,'2010-01-05',355,'2010-01-06 21:22:52','2010-01-06 21:23:22',1,100,6),
	(829,'Copy','17 originals - 80 copies',1,'2010-01-05',356,'2010-01-06 21:29:06','2010-01-06 21:29:37',1,70,3),
	(830,'Bindery','collate - 1 staple',1,'2010-01-05',356,'2010-01-06 21:29:06','2010-01-06 21:29:37',1,90,5),
	(831,'Ship','call when ready x3502 or deliver to supt\'s office',1,'2010-01-05',356,'2010-01-06 21:29:06','2010-01-06 21:29:37',1,100,6),
	(832,'Copy','3 originals - 35 copies - finch paper',1,'2009-12-16',357,'2010-01-06 21:31:18','2010-01-06 21:31:59',1,70,3),
	(833,'Ship','',1,'2009-12-16',357,'2010-01-06 21:31:19','2010-01-06 21:31:59',1,100,6),
	(834,'Copy','4 originals - 500 copies - collate - 2 staple - fold - Ivory and Re-entry',1,'2009-12-15',358,'2010-01-06 21:34:10','2010-01-06 21:34:49',1,70,3),
	(835,'Ship','',1,'2009-12-15',358,'2010-01-06 21:34:10','2010-01-06 21:34:49',1,100,6),
	(836,'Copy','25 originals - 10 copies - collate',1,'2009-12-16',359,'2010-01-06 21:36:50','2010-01-06 21:37:26',1,70,3),
	(837,'Ship','',1,'2009-12-16',359,'2010-01-06 21:36:51','2010-01-06 21:37:26',1,100,6),
	(838,'Copy','19 originals - 25 copies - collate - 1 staple',1,'2009-12-16',360,'2010-01-06 21:39:44','2010-01-06 21:40:19',1,70,3),
	(839,'Bindery','1 staple',1,'2009-12-16',360,'2010-01-06 21:39:44','2010-01-06 21:40:19',1,90,5),
	(840,'Ship','Pick up',1,'2009-12-16',360,'2010-01-06 21:39:45','2010-01-06 21:40:19',1,100,6),
	(841,'Copy','',NULL,NULL,361,'2010-01-06 22:08:50','2010-01-06 22:08:50',1,70,3),
	(842,'Ship','',NULL,NULL,361,'2010-01-06 22:08:50','2010-01-06 22:08:50',1,100,6),
	(843,'Copy','1 original - 50 copies - color',1,'2009-12-16',362,'2010-01-07 15:05:27','2010-01-07 15:06:09',1,70,3),
	(844,'Ship','',1,'2009-12-16',362,'2010-01-07 15:05:27','2010-01-07 15:06:09',1,100,6),
	(845,'Copy','9 originals - 944 copies - back to back - collate - 1 staple',1,'2009-12-16',363,'2010-01-07 15:13:47','2010-01-07 15:14:28',1,70,3),
	(846,'Ship','Call when ready 714-234-6209',1,'2009-12-16',363,'2010-01-07 15:13:47','2010-01-07 15:14:28',1,100,6),
	(847,'Copy','20 originals - 10 copies - back to back - collate - staple 1',1,'2009-12-16',364,'2010-01-07 15:19:43','2010-01-07 15:20:20',1,70,3),
	(848,'Ship','',1,'2009-12-16',364,'2010-01-07 15:19:44','2010-01-07 15:20:20',1,100,6),
	(849,'Copy','5 sets - 7 each - single sided',1,'2009-12-17',365,'2010-01-07 15:25:35','2010-01-07 15:26:05',1,70,3),
	(850,'Ship','',1,'2009-12-17',365,'2010-01-07 15:25:35','2010-01-07 15:26:05',1,100,6),
	(851,'Copy','52 originals - 200 copies (see description) - collate - 2 staples',1,'2009-12-17',366,'2010-01-07 15:28:21','2010-01-07 15:29:01',1,70,3),
	(852,'Ship','',1,'2009-12-17',366,'2010-01-07 15:28:21','2010-01-07 15:29:02',1,100,6),
	(853,'Copy','89 originals - 15 copies - 1 staple',1,'2009-12-17',367,'2010-01-07 15:41:36','2010-01-07 15:42:13',1,70,3),
	(854,'Bindery','hole punch',1,'2009-12-17',367,'2010-01-07 15:41:36','2010-01-07 15:42:13',1,90,5),
	(855,'Ship','',1,'2009-12-17',367,'2010-01-07 15:41:36','2010-01-07 15:42:13',1,100,6),
	(856,'Copy','2000 copies - back to back - fold - green paper',1,'2009-12-16',368,'2010-01-07 15:49:09','2010-01-07 15:50:29',1,70,3),
	(857,'Ship','call 4262(x140)',1,'2009-12-16',368,'2010-01-07 15:49:10','2010-01-07 15:50:30',1,100,6),
	(858,'Copy','2 originals - 200 copies - back to back',1,'2010-01-05',369,'2010-01-07 16:19:23','2010-01-07 16:22:28',1,70,3),
	(859,'Bindery','hole punch',1,'2010-01-05',369,'2010-01-07 16:19:23','2010-01-07 16:22:28',1,90,5),
	(860,'Ship','',1,'2010-01-05',369,'2010-01-07 16:19:23','2010-01-07 16:22:28',1,100,6),
	(861,'Copy','4 originals - 155 copies of VA - 155 copies of VB - back to back',1,'2010-01-05',370,'2010-01-07 16:26:02','2010-01-07 16:26:45',1,70,3),
	(862,'Ship','',1,'2009-01-05',370,'2010-01-07 16:26:02','2010-01-07 16:26:45',1,100,6),
	(863,'Bindery','cut - pad in 100s',1,'2010-01-05',371,'2010-01-07 16:31:50','2010-01-07 16:49:37',1,90,5),
	(864,'Ship','',1,'2010-01-05',371,'2010-01-07 16:31:50','2010-01-07 16:49:37',1,100,6),
	(865,'Copy','12 originals - 100 copies - collate - staple 1',1,'2010-01-05',372,'2010-01-07 16:54:27','2010-01-07 16:54:52',1,70,3),
	(866,'Ship','District Mail',1,'2010-01-05',372,'2010-01-07 16:54:27','2010-01-07 16:54:52',1,100,6),
	(867,'Copy','4 originals - 80 copies',1,'2010-01-06',373,'2010-01-07 16:58:01','2010-01-07 16:58:32',1,70,3),
	(868,'Bindery','Hole punch',1,'2010-01-06',373,'2010-01-07 16:58:01','2010-01-07 16:58:32',1,90,5),
	(869,'Ship','',1,'2010-01-06',373,'2010-01-07 16:58:02','2010-01-07 16:58:32',1,100,6),
	(870,'Copy','4 originals - 80 copies',1,'2010-01-06',374,'2010-01-07 16:59:58','2010-01-07 17:00:26',1,70,3),
	(871,'Bindery','Hole punch',1,'2010-01-06',374,'2010-01-07 16:59:58','2010-01-07 17:00:26',1,90,5),
	(872,'Ship','',1,'2010-01-07',374,'2010-01-07 16:59:59','2010-01-07 18:24:25',1,100,6),
	(873,'Copy','27 originals - 110 copies - collate - staple',1,'2010-01-06',375,'2010-01-07 17:03:07','2010-01-07 17:03:42',1,70,3),
	(874,'Bindery','hole punch',1,'2010-01-06',375,'2010-01-07 17:03:07','2010-01-07 17:03:42',1,90,5),
	(875,'Ship','',1,'2010-01-06',375,'2010-01-07 17:03:08','2010-01-07 17:03:42',1,100,6),
	(876,'Copy','2 originals - 105 copies - back to back',1,'2010-01-06',376,'2010-01-07 17:05:17','2010-01-07 17:05:40',1,70,3),
	(877,'Ship','',1,'2010-01-06',376,'2010-01-07 17:05:17','2010-01-07 17:05:40',1,100,6),
	(878,'Copy','2 originals - 105 copies - back to back',1,'2010-01-06',377,'2010-01-07 17:07:07','2010-01-07 17:07:35',1,70,3),
	(879,'Ship','',1,'2010-01-06',377,'2010-01-07 17:07:07','2010-01-07 17:07:35',1,100,6),
	(880,'Copy','2 originals - 105 copies - back to back',1,'2010-01-06',378,'2010-01-07 17:08:28','2010-01-07 17:08:28',1,70,3),
	(881,'Ship','',1,'2010-01-06',378,'2010-01-07 17:08:28','2010-01-07 17:08:28',1,100,6),
	(882,'Design - Poster','large format poster',0,'2010-01-07',327,'2010-01-07 17:10:54','2010-01-07 17:17:01',1,11,2),
	(883,'Copy','2 originals - 105 copies - back to back',1,'2010-01-06',379,'2010-01-07 17:17:28','2010-01-07 17:17:28',1,70,3),
	(884,'Ship','',1,'2010-01-06',379,'2010-01-07 17:17:28','2010-01-07 17:17:28',1,100,6),
	(885,'Copy','1 original - 105 copies - single sided',1,'2010-01-06',380,'2010-01-07 17:20:49','2010-01-07 17:24:57',1,70,3),
	(886,'Ship','',1,'2010-01-06',380,'2010-01-07 17:20:49','2010-01-07 17:24:57',1,100,6),
	(887,'Copy','3 originals - 215 copies - collate - staple 1',1,'2010-01-06',381,'2010-01-07 17:27:06','2010-01-07 17:30:38',1,70,3),
	(888,'Bindery','hole punch',1,'2010-01-06',381,'2010-01-07 17:27:06','2010-01-07 17:30:38',1,90,5),
	(889,'Ship','District mail',1,'2010-01-06',381,'2010-01-07 17:27:06','2010-01-07 17:30:38',1,100,6),
	(890,'Copy','3 originals - 215 copies - collate - staple 1',1,'2010-01-06',382,'2010-01-07 17:30:17','2010-01-07 17:33:12',1,70,3),
	(891,'Bindery','hole punch',1,'2010-01-06',382,'2010-01-07 17:30:17','2010-01-07 17:33:12',1,90,5),
	(892,'Ship','District mail',1,'2010-01-06',382,'2010-01-07 17:30:18','2010-01-07 17:33:12',1,100,6),
	(893,'Copy','2 originals - 215 copies',1,'2010-01-06',383,'2010-01-07 17:32:22','2010-01-07 17:32:22',1,70,3),
	(894,'Bindery','hole punch',1,'2010-01-06',383,'2010-01-07 17:32:22','2010-01-07 17:32:22',1,90,5),
	(895,'Ship','District mail',1,'2010-01-06',383,'2010-01-07 17:32:22','2010-01-07 17:32:22',1,100,6),
	(896,'Copy','2 originals - 215 copies',1,'2010-01-06',384,'2010-01-07 17:34:46','2010-01-07 17:34:46',1,70,3),
	(897,'Bindery','hole punch',1,'2010-01-06',384,'2010-01-07 17:34:46','2010-01-07 17:34:46',1,90,5),
	(898,'Ship','District mail',1,'2010-01-06',384,'2010-01-07 17:34:46','2010-01-07 17:34:46',1,100,6),
	(899,'Copy','2 originals - 215 copies',1,'2010-01-06',385,'2010-01-07 17:35:56','2010-01-07 17:35:56',1,70,3),
	(900,'Bindery','hole punch',1,'2010-01-06',385,'2010-01-07 17:35:56','2010-01-07 17:35:56',1,90,5),
	(901,'Ship','District mail',1,'2010-01-06',385,'2010-01-07 17:35:56','2010-01-07 17:35:56',1,100,6),
	(902,'Copy','2 originals - 215 copies',1,'2010-01-06',386,'2010-01-07 17:36:49','2010-01-07 17:36:49',1,70,3),
	(903,'Bindery','hole punch',1,'2010-01-06',386,'2010-01-07 17:36:49','2010-01-07 17:36:49',1,90,5),
	(904,'Ship','District mail',1,'2010-01-06',386,'2010-01-07 17:36:49','2010-01-07 17:36:49',1,100,6),
	(905,'Copy','80 originals - 35 copies - collate - 1 staple',1,'2010-01-06',387,'2010-01-07 17:39:45','2010-01-07 17:40:37',1,70,3),
	(906,'Bindery','hole punch',1,'2010-01-06',387,'2010-01-07 17:39:45','2010-01-07 17:40:37',1,90,5),
	(907,'Ship','',1,'2010-01-06',387,'2010-01-07 17:39:45','2010-01-07 17:40:37',1,100,6),
	(908,'Design','',NULL,NULL,388,'2010-01-07 17:40:59','2010-01-07 17:40:59',1,10,2),
	(909,'Copy','2 part ncr',NULL,NULL,388,'2010-01-07 17:40:59','2010-01-07 17:40:59',1,70,3),
	(910,'Bindery','cut to size',NULL,NULL,388,'2010-01-07 17:40:59','2010-01-07 17:40:59',1,90,5),
	(911,'Ship','',NULL,NULL,388,'2010-01-07 17:40:59','2010-01-07 17:40:59',1,100,6),
	(912,'Copy','3 originals - 30 copies - collate - 1 staple',1,'2010-01-06',389,'2010-01-07 17:43:24','2010-01-07 17:45:17',1,70,3),
	(913,'Ship','call x3563',1,'2010-01-06',389,'2010-01-07 17:43:24','2010-01-07 17:45:17',1,100,6),
	(914,'Copy','42 originals - 100 copies; back to back - collate - 1 staple',1,'2010-01-06',390,'2010-01-07 17:47:18','2010-01-07 17:47:46',1,70,3),
	(915,'Ship','District Mail',1,'2010-01-06',390,'2010-01-07 17:47:18','2010-01-07 17:47:46',1,100,6),
	(916,'Copy','4 originals - 100 copies; back to back - collate - 1 staple',1,'2010-01-06',391,'2010-01-07 17:49:58','2010-01-07 17:50:30',1,70,3),
	(917,'Ship','',1,'2010-01-06',391,'2010-01-07 17:49:58','2010-01-07 17:50:30',1,100,6),
	(918,'Copy','1 original - 250 copies; single - do not collate',1,'2010-01-06',392,'2010-01-07 17:52:56','2010-01-07 17:53:21',1,70,3),
	(919,'Ship','District Mail',1,'2010-01-06',392,'2010-01-07 17:52:56','2010-01-07 17:53:21',1,100,6),
	(920,'Copy','12 originals - 90 copies - collate - 1 staple',1,'2010-01-06',393,'2010-01-07 18:00:44','2010-01-07 18:01:18',1,70,3),
	(921,'Ship','',1,'2010-01-06',393,'2010-01-07 18:00:44','2010-01-07 18:01:18',1,100,6),
	(922,'Copy','1 original - 1500 copies; double sided',1,'2010-01-06',394,'2010-01-07 18:05:48','2010-01-07 18:06:16',1,70,3),
	(923,'Bindery','hole punch',1,'2010-01-06',394,'2010-01-07 18:05:48','2010-01-07 18:06:16',1,90,5),
	(924,'Ship','District Mail',1,'2010-01-06',394,'2010-01-07 18:05:48','2010-01-07 18:06:16',1,100,6),
	(925,'Copy','13 originals - 310 copies; back to back and single sided',1,'2010-01-07',395,'2010-01-07 18:08:14','2010-01-07 18:08:43',1,70,3),
	(926,'Bindery','hole punch all',1,'2010-01-07',395,'2010-01-07 18:08:14','2010-01-07 18:08:43',1,90,5),
	(927,'Ship','',1,'2010-01-07',395,'2010-01-07 18:08:14','2010-01-07 18:08:43',1,100,6),
	(929,'Copy','1 original - 305 copies (1220 total after cut)',0,'2010-01-07',396,'2010-01-07 18:35:58','2010-01-07 20:13:42',1,70,3),
	(930,'Bindery','cut',0,'2010-01-07',396,'2010-01-07 18:35:58','2010-01-07 20:13:42',1,90,5),
	(931,'Ship','District Mail',0,'2010-01-07',396,'2010-01-07 18:35:58','2010-01-07 20:13:42',1,100,6),
	(932,'Design','http://172.16.7.100:3004/business_card_orders/158',1,'2010-01-05',397,'2010-01-07 20:50:37','2010-01-07 22:43:37',1,10,2),
	(933,'Copy','',1,'2010-01-05',397,'2010-01-07 20:50:37','2010-01-07 22:43:37',1,70,3),
	(934,'Bindery','cut',1,'2010-01-06',397,'2010-01-07 20:50:37','2010-01-07 22:43:37',1,90,5),
	(935,'Ship','',1,'2010-01-07',397,'2010-01-07 20:50:37','2010-01-07 23:14:04',1,100,6),
	(936,'Design','',1,'2010-01-07',398,'2010-01-07 21:01:25','2010-01-08 00:04:50',1,10,2),
	(937,'Copy','',0,'2010-01-07',398,'2010-01-07 21:01:25','2010-01-08 00:04:51',1,70,3),
	(938,'Bindery','cut',0,'2010-01-07',398,'2010-01-07 21:01:25','2010-01-08 00:04:51',1,90,5),
	(939,'Ship','',0,'2010-01-07',398,'2010-01-07 21:01:25','2010-01-08 00:04:51',1,100,6),
	(940,'Copy','5 originals - 1800 copies - back to back - stacks of 45',1,'2010-01-07',399,'2010-01-07 22:50:24','2010-01-07 22:50:24',1,70,3),
	(941,'Bindery','collate - 1 staple',1,'2010-01-07',399,'2010-01-07 22:50:24','2010-01-07 22:50:24',1,90,5),
	(942,'Ship','',1,'2010-01-07',399,'2010-01-07 22:50:24','2010-01-07 22:50:24',1,100,6);

/*!40000 ALTER TABLE `workflows` ENABLE KEYS */;
UNLOCK TABLES;





/*!40111 SET SQL_NOTES=@OLD_SQL_NOTES */;
/*!40101 SET SQL_MODE=@OLD_SQL_MODE */;
/*!40014 SET FOREIGN_KEY_CHECKS=@OLD_FOREIGN_KEY_CHECKS */;
/*!40014 SET UNIQUE_CHECKS=@OLD_UNIQUE_CHECKS */;
/*!40101 SET CHARACTER_SET_CLIENT=@OLD_CHARACTER_SET_CLIENT */;
/*!40101 SET CHARACTER_SET_RESULTS=@OLD_CHARACTER_SET_RESULTS */;
/*!40101 SET COLLATION_CONNECTION=@OLD_COLLATION_CONNECTION */;
